,0
0,'82
1,'86
2,'89
3,'90
4,'ll
5,'re
6,'ve
7,"1,000"
8,"1,053"
9,"1,057"
10,"1,100"
11,"1,186"
12,"1,200"
13,"1,250"
14,1-year
15,1.1
16,1.2
17,1.3
18,1.5
19,1.6
20,1.85
21,1/2
22,1/2-percent
23,10-percent
24,10-year
25,100
26,"100,000"
27,100th
28,107
29,10th
30,11.2
31,12-year-old
32,12.4
33,"120,000"
34,12044
35,"125,000"
36,12th
37,"13,000"
38,13-year-old
39,"130,000"
40,132
41,135
42,144
43,"15,000"
44,150
45,1500
46,157
47,15th
48,"16,000"
49,166
50,"168,000"
51,17.4
52,1700
53,171
54,1787
55,1790
56,17th
57,1823
58,18th
59,1930
60,1940
61,1941
62,1943
63,1945
64,"195,000"
65,1950
66,1959
67,196
68,1960
69,1963
70,1968
71,196th
72,1970
73,1971
74,1972
75,1974
76,1976
77,1977
78,1978
79,1979
80,1980
81,1980-crop
82,1981
83,1982
84,1983
85,1984
86,1985
87,1986
88,1987
89,1988
90,1989
91,1990
92,1991
93,1993
94,1st
95,"2,000"
96,"2,500"
97,2-year
98,2.2
99,2.3
100,2.30
101,2.4
102,20-year-old
103,200
104,"200,000"
105,200-mile
106,200-year-old
107,2000
108,200th
109,20th
110,21.5
111,"216,000"
112,21st
113,227
114,22d
115,"23,000"
116,235
117,24.7
118,"25,000"
119,250
120,26.5
121,"260,000"
122,2nd
123,"3,000"
124,3-year
125,3.2
126,3.3
127,3.35
128,3.4
129,3.9
130,3/4
131,300
132,3000
133,30th
134,3434
135,38th
136,"4,000"
137,"4,300"
138,4.3
139,4.5
140,4.6
141,400
142,"400,000"
143,410
144,"425,000"
145,"44,000"
146,5-percent
147,5.2
148,500
149,"500,000"
150,504
151,506
152,550-ship
153,"6,000"
154,6-month
155,6-year
156,6.3
157,6.5
158,6.9
159,600
160,"600,000"
161,"600,000-man"
162,600-percent
163,650
164,675
165,"7,400"
166,7.3
167,7.50
168,"75,000"
169,750
170,75th
171,77-percent
172,8.2
173,8.9
174,8:04
175,8th
176,905
177,96th
178,97th
179,9:02
180,9:03
181,9:05
182,9:07
183,9th
184,abandon
185,abandoned
186,abandonment
187,abate
188,abduction
189,abhorrent
190,abiding
191,abilities
192,ability
193,able
194,aboard
195,abortion
196,abraham
197,abroad
198,absence
199,absolutely
200,absurd
201,abundance
202,abundant
203,abuse
204,abused
205,abuses
206,academia
207,academy
208,accede
209,accelerate
210,accelerated
211,accelerating
212,acceleration
213,accept
214,accepted
215,access
216,accessibility
217,accessible
218,accident
219,accidental
220,acclaim
221,accommodate
222,accommodation
223,accompanied
224,accompanying
225,accomplish
226,accomplished
227,accomplishing
228,accomplishment
229,accomplishments
230,accord
231,according
232,accordingly
233,account
234,accountability
235,accountable
236,accounting
237,accounts
238,accuracy
239,achievable
240,achieve
241,achieveable
242,achieved
243,achievement
244,achievements
245,achieving
246,acid
247,acknowledge
248,acknowledgement
249,acknowledging
250,acknowledgment
251,acquire
252,acquisition
253,acquisitions
254,acres
255,across-the-board
256,act
257,acted
258,acting
259,action
260,actions
261,active
262,actively
263,activities
264,activity
265,acts
266,actual
267,actually
268,acute
269,acutely
270,adapt
271,add
272,added
273,addict
274,addicted
275,addiction
276,addicts
277,adding
278,addition
279,additional
280,additionally
281,additions
282,address
283,addressed
284,addresses
285,addressing
286,adds
287,adequacy
288,adequate
289,adhered
290,adherence
291,adjacent
292,adjust
293,adjusted
294,adjustment
295,adjustments
296,administer
297,administered
298,administering
299,administration
300,administration's
301,administrations
302,administrative
303,administratively
304,administrator
305,admiration
306,admissions
307,admitted
308,adolescent
309,adolescents
310,adolfo
311,adopt
312,adopted
313,adopting
314,adoption
315,adoptive
316,adult
317,advance
318,advanced
319,advancement
320,advances
321,advancing
322,advantage
323,advantages
324,adversaries
325,adversary
326,adversity
327,advertising
328,advice
329,advise
330,adviser
331,advisers
332,advisory
333,advocacy
334,advocate
335,aeronautics
336,affairs
337,affect
338,affected
339,affecting
340,affiliate
341,affiliated
342,affirm
343,affirmative
344,affirms
345,afford
346,affordable
347,affords
348,affront
349,afghan
350,afghanistan
351,afloat
352,afraid
353,africa
354,africa's
355,african
356,africans
357,after-tax
358,age
359,age-old
360,agencies
361,agency
362,agenda
363,agent
364,aggravated
365,aggression
366,aggressive
367,aggressively
368,aggressor
369,aggressors
370,aging
371,ago
372,agree
373,agreed
374,agreeing
375,agreement
376,agreements
377,agricultural
378,agriculture
379,ahead
380,aid
381,aided
382,aiding
383,aids
384,ails
385,aim
386,aimed
387,aiming
388,aims
389,air
390,aircraft
391,airfares
392,airlift
393,airlifting
394,airline
395,airlines
396,airport
397,airports
398,airwaves
399,alabama
400,alarming
401,alaska
402,alcohol
403,algeria
404,alike
405,alive
406,all-out
407,all-time
408,alleged
409,allegiance
410,alleviate
411,alleyways
412,alliance
413,alliances
414,allied
415,allies
416,allocate
417,allocated
418,allocation
419,allow
420,allowable
421,allowances
422,allowed
423,allowing
424,allows
425,allure
426,alter
427,altered
428,alternative
429,alternatives
430,alton
431,ambassador
432,ambassadors
433,ambition
434,ambitions
435,ambitious
436,ambitiously
437,ameliorating
438,amend
439,amended
440,amendment
441,amendments
442,america
443,america's
444,american
445,american-flag
446,americans
447,americas
448,amounts
449,ample
450,amply
451,amtrak
452,analyses
453,analysis
454,analyze
455,anarchy
456,ancestors
457,anchor
458,ancient
459,andean
460,andes
461,anew
462,angels
463,angola
464,animosities
465,anniversaries
466,anniversary
467,announced
468,announcing
469,annual
470,annualized
471,annually
472,answer
473,answering
474,answers
475,anthony
476,anti-competitive
477,anti-recessionary
478,anti-semitism
479,anticipated
480,anxious
481,anybody
482,apiece
483,apollo
484,apologize
485,appalled
486,apparent
487,appeals
488,applaud
489,apples
490,applicability
491,application
492,applications
493,applied
494,applies
495,apply
496,applying
497,appointed
498,appointees
499,appraisal
500,appreciate
501,approach
502,approaches
503,approaching
504,appropriate
505,appropriated
506,appropriately
507,appropriating
508,appropriation
509,appropriations
510,approval
511,approve
512,approved
513,approving
514,approximately
515,april
516,aptitude
517,arab-israeli
518,arbitrary
519,archaic
520,arctic
521,area
522,areas
523,arena
524,argentina
525,argument
526,arise
527,arisen
528,armed
529,armor
530,arms
531,army
532,aroused
533,arrange
534,arrangement
535,arrangements
536,arresting
537,arrival
538,arrivals
539,arrive
540,arriving
541,arsenal
542,arsenals
543,art
544,articles
545,artificial
546,artificially
547,artists
548,arts
549,asean
550,asia
551,asia-pacific
552,asian
553,aside
554,ask
555,asked
556,asking
557,asks
558,aspect
559,aspects
560,aspiration
561,aspirations
562,aspire
563,aspiring
564,assault
565,assembling
566,assembly
567,assert
568,assess
569,assessment
570,assessments
571,asset
572,assets
573,assigned
574,assignees
575,assist
576,assistance
577,assisted
578,assisting
579,associated
580,association
581,assume
582,assumed
583,assuming
584,assumptions
585,assurance
586,assurances
587,assure
588,assured
589,assures
590,assuring
591,astronomers
592,astronomy
593,asylum
594,atlantic
595,atmosphere
596,atmospheric
597,atomic
598,atop
599,attach
600,attached
601,attack
602,attacked
603,attacking
604,attacks
605,attaining
606,attempt
607,attempted
608,attempting
609,attempts
610,attendance
611,attention
612,attitude
613,attitudes
614,attorney
615,attract
616,attractive
617,attributed
618,audiences
619,audit
620,august
621,australia
622,authoritarianism
623,authorities
624,authority
625,authorization
626,authorizations
627,authorized
628,authorizes
629,authorizing
630,authors
631,auto
632,automatic
633,automatically
634,automobile
635,autonomy
636,autos
637,autoworkers
638,available
639,average
640,avoid
641,avoidance
642,avoided
643,await
644,awarding
645,awards
646,aware
647,away
648,away-from-reactor
649,b-52
650,babies
651,baby
652,backfitted
653,background
654,backlog
655,backs
656,backsliding
657,backward
658,bad
659,baker
660,balance
661,balance-of-payments
662,balanced
663,balances
664,balancing
665,ballistic
666,ballots
667,baltimore
668,band
669,band-aid
670,bank
671,bank's
672,banking
673,bankruptcy
674,banks
675,banned
676,banner
677,barbara
678,barbaric
679,barbed
680,bare
681,barely
682,bargain
683,bargaining
684,barrels
685,barriers
686,barry
687,bars
688,baruch
689,base
690,based
691,bases
692,basic
693,basics
694,basin
695,basing
696,basis
697,bastion
698,battalion
699,battle
700,battles
701,bay
702,beaches
703,beachhead
704,bearing
705,bears
706,beaten
707,beautiful
708,beauty
709,beckons
710,bedding
711,bedrock
712,beef
713,beefed-up
714,began
715,begin
716,beginning
717,begins
718,begun
719,behalf
720,behavior
721,behemoths
722,beings
723,beirut
724,belief
725,beliefs
726,believe
727,believed
728,believes
729,believing
730,belong
731,belongs
732,belt
733,belts
734,bench
735,beneficial
736,beneficially
737,beneficiaries
738,benefit
739,benefiting
740,benefits
741,benefitting
742,benjamin
743,bennett
744,berlin
745,bernard
746,berth
747,berthing
748,beset
749,best
750,bet
751,better
752,better-off
753,betterment
754,bicentennial
755,bicker
756,big
757,big-time
758,bigger
759,biggest
760,bigotry
761,bilateral
762,billion
763,billions
764,bills
765,bind
766,binding
767,biological
768,biomass
769,bipartisan
770,bipartisanship
771,birth
772,birthday
773,birthdays
774,birthplace
775,birthright
776,bitter
777,bitterness
778,black
779,blackboard
780,blackmail
781,blacks
782,blame
783,blankets
784,bleak
785,bless
786,blessed
787,blessings
788,blind
789,bloc
790,block
791,bloodshed
792,blow
793,blueberry
794,blunt
795,board
796,boarder
797,boards
798,bob
799,body
800,bold
801,bolivia
802,bolster
803,bolstered
804,bolstering
805,bombings
806,bond
807,bondage
808,bonds
809,bonneville
810,bonuses
811,books
812,boondoggles
813,boost
814,border
815,borders
816,born
817,borrow
818,borrowing
819,borrows
820,bottlenecks
821,bought
822,bound
823,boundaries
824,bountiful
825,bounty
826,bowen
827,boy
828,bracket
829,brackets
830,branch
831,branches
832,branik
833,branstad
834,brave
835,bravery
836,brazil
837,breach
838,break
839,breakdown
840,breaking
841,breakthroughs
842,breakups
843,breathe
844,breathes
845,breathless
846,breed
847,breeding
848,bridge
849,briefly
850,brigades
851,bright
852,bring
853,bringing
854,brings
855,brink
856,britain
857,broad
858,broadcast
859,broadcasts
860,broaden
861,broadened
862,broader
863,broke
864,broken
865,broker
866,brooke-cranston
867,brotherly
868,brought
869,brutal
870,bubble
871,budding
872,budget
873,budgeting
874,budgets
875,buffer
876,build
877,build-up
878,builders
879,building
880,builds
881,buildup
882,built
883,built-in
884,bulk
885,bulkers
886,bullets
887,bulwark
888,burden
889,burdens
890,bureaucracy
891,burning
892,bursting
893,bus
894,buses
895,bush
896,business
897,business-as-usual
898,business-like
899,businesses
900,businesslike
901,businessman
902,businessmen
903,businessowners
904,bust
905,busy
906,butler
907,buttress
908,buttressed
909,buy
910,buying
911,bypass
912,byrd
913,cab
914,cabinet
915,calendar
916,california
917,called
918,calling
919,callous
920,calls
921,calm
922,cambodia
923,came
924,camp
925,campaign
926,campbell
927,camps
928,can't
929,canada
930,canadian
931,canal
932,cancer
933,cancun
934,candid
935,candidates
936,cap
937,capabilities
938,capability
939,capable
940,capacity
941,capita
942,capital
943,capitol
944,captive
945,captivity
946,car
947,carbon
948,care
949,career
950,careful
951,carefully
952,carefully-phased
953,cares
954,cargo
955,cargoes
956,caribbean
957,caring
958,carl
959,carlos
960,carriage
961,carried
962,carrier
963,carriers
964,carries
965,carry
966,carrying
967,cars
968,carson
969,cartel
970,carter
971,carve
972,case
973,cases
974,cash
975,cast
976,castro
977,casual
978,catalogues
979,catalyst
980,catastrophe
981,catastrophic
982,catch
983,catchall
984,categorical
985,caught
986,cause
987,caused
988,causes
989,caution
990,cautious
991,cavoli
992,cdbg
993,cds
994,ceaselessly
995,ceiling
996,celebrate
997,celebrated
998,celebrating
999,cell
1000,center
1001,centerpiece
1002,centers
1003,central
1004,centrality
1005,centralized
1006,centralizes
1007,cents
1008,centuries
1009,century
1010,certain
1011,certainly
1012,certainty
1013,certifiably
1014,certificates
1015,certification
1016,ceta
1017,chad
1018,chain
1019,chains
1020,chair
1021,challenge
1022,challenger
1023,challenges
1024,challenging
1025,chamber
1026,champions
1027,chance
1028,chancellors
1029,chances
1030,change
1031,changed
1032,changes
1033,changing
1034,channel
1035,channels
1036,chap
1037,character
1038,characterized
1039,characters
1040,charge
1041,charged
1042,charges
1043,charging
1044,charitable
1045,charles
1046,chart
1047,charted
1048,charter
1049,charters
1050,cheaper
1051,cheating
1052,check
1053,chemical
1054,chemicals
1055,cherish
1056,chernobyl
1057,chesapeake
1058,chessie
1059,chi
1060,chicago
1061,chiefs
1062,child
1063,child's
1064,childhood
1065,childlike
1066,children
1067,chile
1068,china
1069,chinese
1070,chip
1071,chips
1072,choice
1073,choices
1074,choirs
1075,choke
1076,choking
1077,choose
1078,choosing
1079,chorus
1080,chosen
1081,christmas
1082,chronically
1083,chrysler
1084,church
1085,churches
1086,churchill
1087,cincinnati
1088,circle
1089,circumstances
1090,cities
1091,citizen
1092,citizens
1093,city
1094,civic
1095,civil
1096,civilian
1097,civilization
1098,civilized
1099,claim
1100,claimed
1101,claiming
1102,claims
1103,clarifies
1104,clark
1105,class
1106,classifications
1107,classroom
1108,classrooms
1109,claus
1110,clean
1111,cleaner
1112,cleaning
1113,cleanup
1114,cleanups
1115,clear
1116,clear-sighted
1117,cleareyed
1118,clearly
1119,cleland
1120,clergy
1121,clerk
1122,client
1123,clients
1124,climate
1125,climb
1126,climbed
1127,clinics
1128,clinton
1129,clipper
1130,clock
1131,close
1132,closed
1133,closely
1134,closer
1135,closest
1136,closing
1137,clothe
1138,clouds
1139,co-financed
1140,coal
1141,coal-fired
1142,coalfields
1143,coast
1144,coastal
1145,coastland
1146,coasts
1147,cocaine
1148,code
1149,codes
1150,codification
1151,codified
1152,coercion
1153,coffee
1154,cognizance
1155,coherent
1156,cohesion
1157,cohesive
1158,coin
1159,coined
1160,cold
1161,collaborated
1162,collaboration
1163,collaborative
1164,collapse
1165,collect
1166,collection
1167,collective
1168,collectively
1169,college
1170,colleges
1171,colombia
1172,colonial
1173,columbia
1174,combat
1175,combination
1176,combine
1177,combined
1178,combining
1179,combustion
1180,come
1181,comeback
1182,comes
1183,comfort
1184,comforting
1185,coming
1186,comma
1187,command
1188,commando
1189,commemorated
1190,commemorative
1191,commencement
1192,commensurate
1193,commentary
1194,commerce
1195,commerce's
1196,commercial
1197,commercialization
1198,commission
1199,commissioned
1200,commissions
1201,commit
1202,commitment
1203,commitments
1204,commits
1205,committed
1206,committee
1207,committees
1208,commodities
1209,commodity
1210,common
1211,commonsense
1212,commonwealth
1213,communicate
1214,communication
1215,communications
1216,communism
1217,communist
1218,communities
1219,community
1220,community-based
1221,communization
1222,companies
1223,compare
1224,compared
1225,comparison
1226,compass
1227,compassion
1228,compassionate
1229,compatibility
1230,compel
1231,compelling
1232,compensate
1233,compensating
1234,compensation
1235,compete
1236,competing
1237,competition
1238,competitive
1239,competitively
1240,competitiveness
1241,complacency
1242,complacent
1243,complaint
1244,complement
1245,complemented
1246,complements
1247,complete
1248,completed
1249,completely
1250,completion
1251,complex
1252,complexity
1253,compliance
1254,complicated
1255,complied
1256,comply
1257,component
1258,components
1259,composer
1260,compound
1261,comprehensive
1262,comprising
1263,compromise
1264,computer
1265,computer-controlled
1266,computer-smart
1267,computers
1268,conceived
1269,concentrate
1270,concentrated
1271,concentrating
1272,concentrations
1273,concept
1274,concepts
1275,concern
1276,concerned
1277,concerning
1278,concerns
1279,concert
1280,concerted
1281,conclude
1282,concluded
1283,concluding
1284,conclusion
1285,conclusions
1286,concrete
1287,condemn
1288,condemnation
1289,condemned
1290,condemning
1291,condemns
1292,condition
1293,conditions
1294,condolences
1295,condominiums
1296,condones
1297,conduct
1298,conducted
1299,conference
1300,conferences
1301,confidence
1302,confident
1303,confirm
1304,confirming
1305,confirms
1306,conflict
1307,conflicting
1308,conflicts
1309,conforming
1310,confront
1311,confrontation
1312,confronted
1313,confronting
1314,confronts
1315,congestion
1316,congratulate
1317,congratulations
1318,congress
1319,congressional
1320,congressman
1321,congressmen
1322,connections
1323,conquering
1324,conquest
1325,conrail
1326,conscience
1327,conscientious
1328,conscious
1329,consensus
1330,consent
1331,consequences
1332,conservation
1333,conservative
1334,conserve
1335,consider
1336,considerable
1337,consideration
1338,considerations
1339,considered
1340,consign
1341,consistent
1342,consistently
1343,consists
1344,consolidate
1345,consolidated
1346,consolidating
1347,consolidation
1348,consolidations
1349,consortium
1350,constant
1351,constituent
1352,constitute
1353,constitutes
1354,constitution
1355,constitutional
1356,constitutions
1357,constraint
1358,constraints
1359,construct
1360,constructed
1361,constructing
1362,construction
1363,constructive
1364,consult
1365,consultation
1366,consultations
1367,consultative
1368,consulted
1369,consumer
1370,consumers
1371,consuming
1372,consumption
1373,contacts
1374,contain
1375,contained
1376,containment
1377,contains
1378,contemplates
1379,contention
1380,contentious
1381,contest
1382,context
1383,continent
1384,continental
1385,contingencies
1386,contingency
1387,continuation
1388,continue
1389,continued
1390,continues
1391,continuing
1392,continuity
1393,continuous
1394,continuously
1395,contract
1396,contracting
1397,contracts
1398,contradiction
1399,contradictions
1400,contradictory
1401,contrary
1402,contrast
1403,contribute
1404,contributed
1405,contributes
1406,contribution
1407,contributions
1408,control
1409,controlled
1410,controlling
1411,controls
1412,controversial
1413,convene
1414,convened
1415,convention
1416,conventional
1417,conversion
1418,convicted
1419,conviction
1420,convince
1421,convinced
1422,convincing
1423,convincingly
1424,cook
1425,cooperate
1426,cooperated
1427,cooperating
1428,cooperation
1429,cooperative
1430,cooperatively
1431,coordinate
1432,coordinated
1433,coordinating
1434,coordination
1435,coordinative
1436,coordinator
1437,coordinator's
1438,cope
1439,coping
1440,coral
1441,cord
1442,core
1443,corn
1444,corner
1445,corners
1446,cornerstone
1447,cornerstones
1448,corporate
1449,corporation
1450,corporations
1451,corps
1452,corpus
1453,correct
1454,corrected
1455,correctly
1456,corrects
1457,corrupt
1458,corruption
1459,cost
1460,cost-based
1461,cost-impact
1462,cost-of-living
1463,cost-price
1464,cost-sharing
1465,costa
1466,costars
1467,costing
1468,costly
1469,costs
1470,council
1471,councils
1472,counsel
1473,count
1474,counter
1475,counter-cyclical
1476,counterstrike
1477,countervailing
1478,counties
1479,counting
1480,countless
1481,countries
1482,country
1483,countrymen
1484,countryside
1485,coup
1486,couple
1487,couples
1488,courage
1489,courageous
1490,courageously
1491,course
1492,court
1493,covenant
1494,cover
1495,coverage
1496,covering
1497,covers
1498,crack
1499,cradles
1500,cranberry
1501,craney
1502,crash
1503,crawfish
1504,create
1505,created
1506,creates
1507,creating
1508,creation
1509,creative
1510,creator
1511,credibility
1512,credit
1513,credited
1514,credits
1515,creep
1516,crest
1517,crime
1518,crimes
1519,criminal
1520,criminals
1521,crimson
1522,cripple
1523,crippling
1524,crises
1525,crisis
1526,criteria
1527,critical
1528,critically
1529,crop
1530,crops
1531,cross
1532,crosses
1533,crossroads
1534,crucial
1535,crude
1536,cruise
1537,crumbling
1538,crusade
1539,crush
1540,crushing
1541,crying
1542,crystals
1543,cuba
1544,cuban
1545,cuban-soviet
1546,cubans
1547,culmination
1548,cultural
1549,culture
1550,cultures
1551,cumbersome
1552,cumulative
1553,curb
1554,curbing
1555,cure
1556,curing
1557,currencies
1558,currency
1559,current
1560,current-day
1561,currently
1562,curriculum
1563,curtain
1564,curtis
1565,customs
1566,cut
1567,cuts
1568,cutting
1569,cybernetics
1570,cycle
1571,cyclicality
1572,cynic
1573,cynical
1574,cynics
1575,cyprus
1576,czar
1577,czechoslovakia
1578,d.c
1579,daily
1580,dairy
1581,dam
1582,damage
1583,dan
1584,danger
1585,dangerous
1586,dangers
1587,daniel
1588,dare
1589,dared
1590,daring
1591,darker
1592,darkest
1593,darkness
1594,dashed
1595,data
1596,date
1597,dated
1598,dates
1599,daughters
1600,david
1601,davis-bacon
1602,dawning
1603,day
1604,days
1605,dead-end
1606,deadline
1607,deadlines
1608,deadlock
1609,deadly
1610,deal
1611,dealer
1612,dealing
1613,dealings
1614,deals
1615,dealt
1616,dear
1617,death
1618,deaths
1619,debate
1620,debating
1621,debilitating
1622,debt
1623,dec
1624,decade
1625,decade-long
1626,decades
1627,deceased
1628,december
1629,decency
1630,decent
1631,decide
1632,decided
1633,deciding
1634,decision
1635,decision-making
1636,decisions
1637,decisively
1638,declaration
1639,declare
1640,declared
1641,declares
1642,decline
1643,declined
1644,declining
1645,decontrol
1646,decontrolled
1647,decrease
1648,decreasing
1649,decreed
1650,dedicated
1651,dedication
1652,deduction
1653,deeds
1654,deem
1655,deemed
1656,deep
1657,deeper
1658,deepest
1659,deeply
1660,default
1661,defaulted
1662,defeat
1663,defeated
1664,defeatism
1665,defend
1666,defendants
1667,defended
1668,defenders
1669,defends
1670,defense
1671,defenseless
1672,defenses
1673,defensive
1674,defer
1675,deferred
1676,defiance
1677,deficit
1678,deficits
1679,define
1680,defined
1681,definition
1682,definitions
1683,defrauded
1684,defy
1685,degrade
1686,degree
1687,del
1688,delano
1689,delay
1690,delayed
1691,delays
1692,delegate
1693,delegates
1694,deliberate
1695,deliberations
1696,delighted
1697,delinquent
1698,deliver
1699,delivered
1700,delivery
1701,demand
1702,demanded
1703,demands
1704,democracies
1705,democracy
1706,democratic
1707,democratically
1708,democrats
1709,demonstrate
1710,demonstrated
1711,demonstrates
1712,demonstrating
1713,demonstration
1714,demonstrations
1715,denial
1716,denied
1717,denies
1718,density
1719,denton
1720,deny
1721,depart
1722,departed
1723,department
1724,departments
1725,departure
1726,depend
1727,dependable
1728,dependence
1729,dependency
1730,dependent
1731,depending
1732,depends
1733,deploy
1734,deployment
1735,deployments
1736,depositors
1737,depository
1738,deposits
1739,depreciated
1740,depreciation
1741,depressed
1742,depression
1743,deprive
1744,deprived
1745,deprives
1746,depth
1747,deregulate
1748,deregulated
1749,deregulating
1750,deregulation
1751,descendants
1752,described
1753,describing
1754,description
1755,deserve
1756,deserved
1757,deserves
1758,deserving
1759,design
1760,designate
1761,designation
1762,designed
1763,desire
1764,desk
1765,despair
1766,despairing
1767,despite
1768,despotism
1769,destiny
1770,destroy
1771,destroyer
1772,destroys
1773,destruction
1774,destructionism
1775,destructive
1776,detailed
1777,details
1778,detect
1779,detente
1780,deter
1781,deteriorate
1782,deteriorated
1783,deteriorating
1784,deterioration
1785,determination
1786,determine
1787,determined
1788,determining
1789,deterrence
1790,deterrent
1791,detract
1792,detroit
1793,devastated
1794,devastating
1795,devastatingly
1796,devastation
1797,develop
1798,developed
1799,developing
1800,development
1801,developments
1802,devised
1803,devoted
1804,diagnosis
1805,dialog
1806,dialogue
1807,dictate
1808,dictates
1809,dictator
1810,dictatorship
1811,dictatorships
1812,did
1813,die
1814,died
1815,differ
1816,difference
1817,differences
1818,different
1819,differential
1820,differing
1821,difficult
1822,difficulty
1823,digits
1824,dignity
1825,dime
1826,dimension
1827,dimensions
1828,diminish
1829,diminishing
1830,dinosaur
1831,dioxide
1832,diplomacy
1833,diplomas
1834,diplomatic
1835,diplomats
1836,direct
1837,directed
1838,directing
1839,direction
1840,directive
1841,directives
1842,directly
1843,directs
1844,disabilities
1845,disability
1846,disabled
1847,disadvantage
1848,disadvantaged
1849,disappear
1850,disappointments
1851,disaster
1852,disasters
1853,disbursements
1854,discarded
1855,discipline
1856,disciplined
1857,disclosure
1858,discord
1859,discover
1860,discovery
1861,discredited
1862,discrete
1863,discretion
1864,discriminating
1865,discrimination
1866,discriminatory
1867,discuss
1868,discussing
1869,discussion
1870,disease
1871,diseases
1872,disguise
1873,dishonor
1874,disincentives
1875,disintegration
1876,dislocations
1877,dismantle
1878,dismantling
1879,dismay
1880,dismissals
1881,disorder
1882,disorderly
1883,disorders
1884,dispassionate
1885,displaced
1886,displacement
1887,disposal
1888,disputes
1889,disregard
1890,disruption
1891,disruptive
1892,dissemination
1893,dissent
1894,dissolution
1895,distance
1896,distant
1897,distinct
1898,distinguish
1899,distinguished
1900,distort
1901,distortion
1902,distress
1903,distressed
1904,distribute
1905,district
1906,districts
1907,disturbances
1908,disturbing
1909,dived
1910,divergent
1911,diverse
1912,diversification
1913,diversion
1914,diversity
1915,divide
1916,divided
1917,dividends
1918,divides
1919,dividing
1920,divine
1921,division
1922,divisions
1923,divorced
1924,doctrinal
1925,doctrine
1926,document
1927,documented
1928,documents
1929,doers
1930,does
1931,doing
1932,dole
1933,dollar
1934,dollars
1935,domestic
1936,domestically
1937,dominant
1938,dominate
1939,dominates
1940,domination
1941,dominica
1942,don
1943,donor
1944,doomed
1945,door
1946,door-to-door
1947,doors
1948,doorstep
1949,doorways
1950,double
1951,double-digit
1952,doubled
1953,doubles
1954,doubling
1955,doubt
1956,doubters
1957,doubting
1958,douglas
1959,downgrading
1960,downturn
1961,draft
1962,drafting
1963,dragged
1964,drain
1965,drained
1966,dramatic
1967,dramatically
1968,dramatized
1969,dramatizes
1970,draping
1971,drastic
1972,drawdown
1973,drawing
1974,dream
1975,dreamed
1976,dreaming
1977,dreams
1978,dredged
1979,dredging
1980,dressed
1981,drew
1982,drilling
1983,drive
1984,driven
1985,drop
1986,dropout
1987,dropped
1988,drought
1989,drudgery
1990,drug
1991,drug-free
1992,drugfree
1993,drugpushers
1994,drugs
1995,drumbeat
1996,dry
1997,dulles
1998,dump
1999,dumpers
2000,dumping
2001,dumps
2002,duplicate
2003,duplicative
2004,duties
2005,duty
2006,dwellings
2007,dwight
2008,dying
2009,dynamic
2010,eager
2011,eagerly
2012,earlier
2013,earliest
2014,early
2015,earn
2016,earned
2017,earnest
2018,earning
2019,earnings
2020,earth
2021,earth-based
2022,ease
2023,easier
2024,east
2025,east-west
2026,easter
2027,eastern
2028,easy
2029,echoing
2030,economic
2031,economical
2032,economically
2033,economies
2034,economy
2035,ecuador
2036,edge
2037,educate
2038,education
2039,educational
2040,educationally
2041,educators
2042,eeoc
2043,effect
2044,effective
2045,effectively
2046,effectiveness
2047,effects
2048,efficiencies
2049,efficiency
2050,efficient
2051,efficiently
2052,effort
2053,efforts
2054,egypt
2055,egyptian-israeli
2056,eighth
2057,eighties
2058,eighty-five
2059,eisenhower
2060,elaborate
2061,elderly
2062,elected
2063,election
2064,elections
2065,electric
2066,element
2067,elementary
2068,elements
2069,elevate
2070,eligibility
2071,eligible
2072,eliminate
2073,eliminated
2074,eliminating
2075,elimination
2076,eluded
2077,emancipation
2078,embargoed
2079,embarked
2080,embassy
2081,embellishing
2082,embodied
2083,embodies
2084,embrace
2085,emergencies
2086,emergency
2087,emerging
2088,emissions
2089,emmitsburg
2090,emphasis
2091,emphasize
2092,emphasizes
2093,emphasizing
2094,empire
2095,employed
2096,employees
2097,employer
2098,employer-employee-government
2099,employers
2100,employment
2101,employment-related
2102,empowering
2103,emptiness
2104,emulate
2105,emulated
2106,enable
2107,enabled
2108,enables
2109,enabling
2110,enact
2111,enactable
2112,enacted
2113,enacting
2114,enactment
2115,encompassing
2116,encountered
2117,encourage
2118,encouraged
2119,encouragement
2120,encouraging
2121,end
2122,endanger
2123,endangering
2124,endeavor
2125,ended
2126,ending
2127,endless
2128,endorse
2129,endorsed
2130,endowed
2131,endowment
2132,endowments
2133,ends
2134,endurance
2135,endure
2136,enduring
2137,enemy
2138,energies
2139,energy
2140,energy-inefficient
2141,energy-saving
2142,enforce
2143,enforced
2144,enforcement
2145,engage
2146,engaged
2147,engine
2148,engineer
2149,engineering
2150,engineers
2151,engines
2152,english
2153,english-speaking
2154,engrossed
2155,engulfed
2156,enhance
2157,enhanced
2158,enhances
2159,enhancing
2160,enjoy
2161,enjoyed
2162,enjoys
2163,enlarge
2164,enlist
2165,ennobles
2166,enormous
2167,enquiries
2168,enrichment
2169,enrolled
2170,enshrines
2171,ensued
2172,ensuing
2173,ensure
2174,ensured
2175,ensures
2176,ensuring
2177,enter
2178,entered
2179,entering
2180,enterprise
2181,enthralled
2182,entire
2183,entirely
2184,entitled
2185,entitlement
2186,entrepreneur
2187,entrepreneurs
2188,entrusted
2189,entry
2190,environment
2191,environmental
2192,environmentalist
2193,environmentally
2194,envisioned
2195,envy
2196,epa
2197,epitomized
2198,equal
2199,equality
2200,equalled
2201,equally
2202,equipment
2203,equipped
2204,equitable
2205,equity
2206,equivalence
2207,equivalent
2208,era
2209,eradication
2210,erase
2211,erect
2212,erich
2213,eroded
2214,error
2215,errors
2216,erupt
2217,escalate
2218,escape
2219,escapes
2220,especially
2221,espionage
2222,espousal
2223,esquivel
2224,essence
2225,essential
2226,essentially
2227,essentials
2228,establish
2229,established
2230,establishes
2231,establishing
2232,establishment
2233,estimated
2234,estimates
2235,eternal
2236,ethiopia
2237,ethnic
2238,euphoria
2239,europe
2240,european
2241,evaluate
2242,evaluating
2243,evaluation
2244,evenhandedly
2245,evening
2246,event
2247,eventful
2248,events
2249,eventual
2250,eventually
2251,ever-expanding
2252,everest
2253,everglades
2254,evergrowing
2255,everyday
2256,evidence
2257,evidenced
2258,evident
2259,evolution
2260,evolutionary
2261,evolving
2262,exact
2263,exactly
2264,examine
2265,examined
2266,example
2267,exceed
2268,excel
2269,excellence
2270,excellency
2271,excellent
2272,exception
2273,exceptional
2274,exceptionally
2275,excesses
2276,excessive
2277,exchange
2278,exchanged
2279,exchanges
2280,excise
2281,exciting
2282,exclusions
2283,exclusive
2284,excuses
2285,executive
2286,executives
2287,exemplified
2288,exemplifies
2289,exempt
2290,exemption
2291,exemptions
2292,exercise
2293,exercised
2294,exhaustion
2295,exist
2296,existed
2297,existence
2298,existing
2299,exists
2300,exodus
2301,expand
2302,expanded
2303,expanding
2304,expands
2305,expansion
2306,expect
2307,expectations
2308,expected
2309,expecting
2310,expects
2311,expedited
2312,expeditious
2313,expelled
2314,expendable
2315,expenditure
2316,expenditures
2317,expense
2318,expenses
2319,expensive
2320,experience
2321,experienced
2322,experiment
2323,experimental
2324,experimenting
2325,experts
2326,expiration
2327,expire
2328,expired
2329,expires
2330,explain
2331,exploitation
2332,exploration
2333,exploratory
2334,explore
2335,exploring
2336,explosion
2337,explosive
2338,explosives
2339,export
2340,exportable
2341,exporters
2342,exporting
2343,exports
2344,exposed
2345,express
2346,expressed
2347,expressing
2348,expressions
2349,expulsion
2350,extend
2351,extended
2352,extending
2353,extends
2354,extension
2355,extensive
2356,extent
2357,external
2358,extra
2359,extraordinarily
2360,extraordinary
2361,extravagant
2362,extreme
2363,extremely
2364,eye
2365,eyes
2366,fabric
2367,face
2368,faced
2369,faces
2370,facets
2371,facilitate
2372,facilitated
2373,facilities
2374,facing
2375,fact
2376,factor
2377,factories
2378,factors
2379,factory
2380,facts
2381,fail
2382,failed
2383,failing
2384,fails
2385,failure
2386,fair
2387,fairer
2388,fairly
2389,fairness
2390,faith
2391,fall
2392,fallen
2393,falling
2394,falsehood
2395,falter
2396,families
2397,family
2398,famine
2399,famous
2400,fao
2401,far
2402,far-reaching
2403,fares
2404,farewell
2405,farm
2406,farmer
2407,farmer-owned
2408,farmers
2409,farmland
2410,farms
2411,farther
2412,farthest
2413,fashion
2414,fast
2415,faster
2416,fastest
2417,fate
2418,father
2419,fathers
2420,fault
2421,favor
2422,favorable
2423,fbi
2424,fear
2425,fears
2426,feasibility
2427,feats
2428,feature
2429,features
2430,february
2431,federal
2432,federal-state-local
2433,federalism
2434,federally
2435,fee
2436,fee-for-service
2437,feed
2438,feedgrains
2439,feeding
2440,feel
2441,feeling
2442,feet
2443,fellow
2444,felt
2445,female
2446,ferrell
2447,fertile
2448,fester
2449,fewer
2450,fidel
2451,field
2452,fields
2453,fiercely
2454,fifth
2455,fight
2456,fighter
2457,fighters
2458,fighting
2459,files
2460,filled
2461,filling
2462,film
2463,final
2464,finally
2465,finance
2466,financed
2467,financial
2468,financially
2469,financing
2470,finding
2471,findings
2472,finest
2473,finish
2474,finished
2475,firepower
2476,fireside
2477,firm
2478,firmly
2479,firmness
2480,firms
2481,first-time
2482,fiscal
2483,fiscally
2484,fish
2485,fit
2486,five-year
2487,fix
2488,fixes
2489,flag
2490,flame
2491,flank
2492,flaw
2493,fled
2494,flee
2495,fleet
2496,flexi-time
2497,flexibility
2498,flexible
2499,flight
2500,flights
2501,flood
2502,floor
2503,florida
2504,flourish
2505,flow
2506,flowering
2507,flowing
2508,fluctuations
2509,flying
2510,focus
2511,focused
2512,foe
2513,fog
2514,folks
2515,follow
2516,followed
2517,following
2518,follows
2519,food
2520,food-handling
2521,fooled
2522,foolish
2523,foot
2524,foothills
2525,footing
2526,footrace
2527,forbidding
2528,force
2529,force's
2530,forced
2531,forces
2532,forcing
2533,ford
2534,forecast
2535,forefathers
2536,foreign
2537,foreign-flag
2538,foremost
2539,foresaw
2540,foreseeable
2541,foreseen
2542,foresight
2543,forest
2544,forests
2545,forever
2546,forged
2547,forget
2548,forging
2549,forgive
2550,forgo
2551,forgot
2552,forgotten
2553,form
2554,formation
2555,formations
2556,formed
2557,formidable
2558,forms
2559,formula
2560,formulated
2561,formulation
2562,forth
2563,fortitude
2564,fortunate
2565,fortunately
2566,fortunes
2567,forty-five
2568,forty-three
2569,forward
2570,forward-looking
2571,fossil
2572,foster
2573,fosters
2574,fought
2575,foundation
2576,founded
2577,founding
2578,four-fifths
2579,four-part
2580,four-year
2581,fourth
2582,fraction
2583,fragile
2584,fragmented
2585,frail
2586,frame
2587,framework
2588,frank
2589,franklin
2590,frankly
2591,frankness
2592,fraud
2593,free
2594,free-flowing
2595,free-flying
2596,freed
2597,freedom
2598,freedoms
2599,freeing
2600,freely
2601,freer
2602,freeze
2603,freight
2604,frequent
2605,frequently
2606,fresh
2607,fresh-faced
2608,friend
2609,friendly
2610,friends
2611,friendship
2612,friendships
2613,frightened
2614,frightening
2615,frontier
2616,frontiers
2617,fronts
2618,frozen
2619,fruit
2620,fruits
2621,frustrating
2622,frustrations
2623,fuego
2624,fuel
2625,fuel-efficient
2626,fueled
2627,fuels
2628,fulfill
2629,fulfilled
2630,fulfilling
2631,fulfillment
2632,full-scale
2633,full-scope
2634,full-time
2635,fuller
2636,fullest
2637,fully
2638,fully-functioning
2639,fully-subsidized
2640,function
2641,functioning
2642,functions
2643,fund
2644,fundamental
2645,fundamentals
2646,funded
2647,funding
2648,funds
2649,funny
2650,furnished
2651,furtherance
2652,future
2653,futures
2654,gables
2655,gain
2656,gained
2657,gaining
2658,gains
2659,gallons
2660,gamble
2661,gap
2662,gaps
2663,garbage
2664,gardner
2665,gas
2666,gaseous
2667,gasohol
2668,gasoline
2669,gates
2670,gateways
2671,gather
2672,gathered
2673,gave
2674,gaza
2675,gdansk
2676,general
2677,generally
2678,generate
2679,generated
2680,generating
2681,generation
2682,generations
2683,generic
2684,generosity
2685,generous
2686,geneva
2687,genius
2688,gentle
2689,gentlemen
2690,genuine
2691,geographic
2692,george
2693,germany
2694,gets
2695,getting
2696,gettysburg
2697,ghana
2698,ghetto
2699,ghettos
2700,giant
2701,giants
2702,gifted
2703,gifts
2704,girl
2705,given
2706,gives
2707,giving
2708,global
2709,globe
2710,glory
2711,glow
2712,gnp
2713,goal
2714,goals
2715,god
2716,god-given
2717,goes
2718,going
2719,golden
2720,gone
2721,good
2722,goodness
2723,goods
2724,gorbachev
2725,gospel
2726,got
2727,govern
2728,governed
2729,government
2730,government-related
2731,government-required
2732,government-wide
2733,governmental
2734,governments
2735,governmentwide
2736,governor
2737,governors
2738,grace
2739,grade
2740,grades
2741,graduate
2742,graduated
2743,graduates
2744,graduating
2745,graduation
2746,grain
2747,gramm-rudman
2748,gramm-rudman-hollings
2749,grandchild
2750,grandchildren
2751,grandfather
2752,grandparents
2753,grant
2754,grant-in-aid
2755,granted
2756,granting
2757,grants
2758,grants-in-aid
2759,grappled
2760,grass
2761,grateful
2762,gratitude
2763,grave
2764,graveyard
2765,gravity
2766,great
2767,greater
2768,greatest
2769,greatly
2770,greatness
2771,greece
2772,greedy
2773,greek
2774,greening
2775,grenada
2776,grew
2777,grimy
2778,grip
2779,grips
2780,grit
2781,gross
2782,ground
2783,ground-launched
2784,grounds
2785,group
2786,groups
2787,grow
2788,growing
2789,grown
2790,grows
2791,growth
2792,grs
2793,gs-13-15
2794,guam
2795,guarantee
2796,guaranteed
2797,guaranteeing
2798,guarantees
2799,guarantors
2800,guard
2801,guardians
2802,guests
2803,guidance
2804,guide
2805,guided
2806,guidelines
2807,guiding
2808,gulf
2809,gulfs
2810,guy
2811,h-o-p-e
2812,h.r
2813,h.w
2814,habeas
2815,habitat
2816,haiti
2817,haitians
2818,hale
2819,half
2820,hallmark
2821,halls
2822,halt
2823,halted
2824,hamper
2825,hampers
2826,hampton
2827,hand
2828,hand-carried
2829,handicapped
2830,handle
2831,handled
2832,handling
2833,hands
2834,handwringers
2835,hang
2836,hanging
2837,happen
2838,happening
2839,happens
2840,happiness
2841,happy
2842,harbor
2843,harbors
2844,hard
2845,hard-earned
2846,hard-pressed
2847,hard-won
2848,harder
2849,hardest
2850,hardship
2851,harlem
2852,harley
2853,harm
2854,harmed
2855,harmful
2856,harmonizing
2857,harmony
2858,harness
2859,harnessing
2860,harry
2861,harvest
2862,hate
2863,haul
2864,havel
2865,having
2866,havoc
2867,hazardous
2868,he'd
2869,head
2870,headed
2871,heading
2872,headlines
2873,heads
2874,heal
2875,healed
2876,health
2877,healthcare
2878,healthier
2879,healthy
2880,hear
2881,heard
2882,hearing
2883,hearings
2884,heart
2885,heartened
2886,heartfelt
2887,heartless
2888,hearts
2889,heartwarming
2890,heat
2891,heating
2892,heavens
2893,heavily
2894,heavily-loaded
2895,heavy
2896,heed
2897,heights
2898,heirloom
2899,held
2900,helicopter
2901,helicopters
2902,help
2903,helped
2904,helpful
2905,helping
2906,helpless
2907,helps
2908,helsinki
2909,hemisphere
2910,henry
2911,herald
2912,herbicide
2913,herds
2914,heritage
2915,hero
2916,heroes
2917,heroic
2918,heroin
2919,heroism
2920,hesitate
2921,hesitated
2922,hhs
2923,hidden
2924,high
2925,high-level
2926,high-tech
2927,high-technology
2928,high-unemployment
2929,higher
2930,highest
2931,highlighted
2932,highly
2933,highway
2934,highways
2935,hill
2936,hindrance
2937,hire
2938,hispanics
2939,historic
2940,historical
2941,historically
2942,history
2943,hit
2944,hodgepodge
2945,hold
2946,holding
2947,holds
2948,holiday
2949,home
2950,homebuilders
2951,homebuilding
2952,homebuyers
2953,homecoming
2954,homeless
2955,homelessness
2956,homemakers
2957,homeownership
2958,homes
2959,homework
2960,hondurans
2961,honduras
2962,honecker
2963,honest
2964,honor
2965,honorable
2966,honored
2967,honors
2968,hope
2969,hopeful
2970,hopefully
2971,hopes
2972,horizon
2973,hormones
2974,hormuz
2975,horn
2976,horrible
2977,horse-and-buggy
2978,hospital
2979,hospitality
2980,host
2981,hostage
2982,hostages
2983,hostile
2984,hot
2985,hour
2986,hours
2987,house
2988,households
2989,housing
2990,houston
2991,howard
2992,hud
2993,huge
2994,human
2995,humane
2996,humanitarian
2997,humanities
2998,humanity
2999,humankind
3000,humble
3001,humility
3002,humphrey-hawkins
3003,hundreds
3004,hundredth
3005,hundredweight
3006,hunger
3007,hungry
3008,hurt
3009,husband
3010,i'd
3011,i'll
3012,i'm
3013,i've
3014,iceland
3015,icy
3016,idea
3017,ideal
3018,idealism
3019,idealists
3020,ideals
3021,ideas
3022,identification
3023,identified
3024,identify
3025,ideological
3026,ideologies
3027,ideology
3028,idle
3029,idly
3030,iea
3031,ignore
3032,ignored
3033,ignores
3034,ignoring
3035,iii
3036,ill
3037,illegal
3038,illinois
3039,illness
3040,ills
3041,illuminate
3042,illusion
3043,illusions
3044,image
3045,imagination
3046,imaginative
3047,imagine
3048,imagined
3049,imbalances
3050,imf
3051,immeasurably
3052,immediate
3053,immediately
3054,immigrant
3055,immigrants
3056,immigration
3057,imminent
3058,immoral
3059,immortal
3060,immunity
3061,immunization
3062,immunized
3063,impact
3064,impaired
3065,impassioned
3066,impatient
3067,impede
3068,impediment
3069,imperative
3070,impetus
3071,implement
3072,implementation
3073,implemented
3074,implementing
3075,implements
3076,implications
3077,imponderables
3078,import
3079,importance
3080,important
3081,imported
3082,importers
3083,importing
3084,imports
3085,impose
3086,imposed
3087,imposes
3088,imposing
3089,imposition
3090,impossible
3091,impoverished
3092,imprecise
3093,impressive
3094,imprisoned
3095,imprisonment
3096,improper
3097,improve
3098,improved
3099,improvement
3100,improvements
3101,improves
3102,improving
3103,impulses
3104,inaction
3105,inadequate
3106,inappropriate
3107,inaugural
3108,inaugurate
3109,inaugurated
3110,incentive
3111,incentives
3112,inception
3113,incidence
3114,incidentally
3115,include
3116,included
3117,includes
3118,including
3119,income
3120,incomes
3121,incoming
3122,incompatible
3123,incomplete
3124,inconsistent
3125,incorporates
3126,increase
3127,increased
3128,increases
3129,increasing
3130,increasingly
3131,indefinite
3132,independence
3133,independent
3134,index
3135,indexed
3136,indexing
3137,india
3138,indian
3139,indicated
3140,indicator
3141,indictment
3142,indigenous
3143,indignity
3144,indispensable
3145,individual
3146,individually
3147,individuals
3148,indivisible
3149,indo-china
3150,indo-chinese
3151,induced
3152,industrial
3153,industrialized
3154,industrializing
3155,industries
3156,industry
3157,ineffective
3158,inefficiency
3159,inefficient
3160,inefficiently
3161,inequitable
3162,inequities
3163,inequity
3164,inevitable
3165,inevitably
3166,inexorable
3167,inextricably
3168,inf
3169,infamy
3170,infantry
3171,infants
3172,infce
3173,infinitely
3174,inflation
3175,inflationary
3176,inflicted
3177,influence
3178,influenced
3179,influx
3180,information
3181,infrastructure
3182,ingenuity
3183,ingredient
3184,inhabit
3185,inhabitants
3186,inherent
3187,inheritance
3188,inherited
3189,inherits
3190,inhibit
3191,initial
3192,initiate
3193,initiated
3194,initiating
3195,initiative
3196,initiatives
3197,injection
3198,injuries
3199,injury
3200,ink
3201,inner
3202,innocent
3203,innocents
3204,innovation
3205,innovations
3206,innovative
3207,inordinate
3208,inquiries
3209,insensitively
3210,inside
3211,insights
3212,insist
3213,inspection
3214,inspections
3215,inspector
3216,inspectors
3217,inspiration
3218,inspire
3219,inspired
3220,instabilities
3221,instability
3222,install
3223,installation
3224,installed
3225,instance
3226,instant
3227,instantly
3228,instead
3229,institute
3230,institutional
3231,institutionalization
3232,institutions
3233,instructed
3234,instructing
3235,instruction
3236,instrument
3237,insular
3238,insuperable
3239,insurance
3240,insure
3241,insured
3242,insures
3243,intact
3244,integral
3245,integrate
3246,integrated
3247,integration
3248,integrity
3249,intellectual
3250,intelligence
3251,intend
3252,intended
3253,intense
3254,intensified
3255,intensify
3256,intensive
3257,intention
3258,intentions
3259,inter-american
3260,interaction
3261,interacts
3262,interagency
3263,intercity
3264,intercommunal
3265,intercontinental
3266,interdepartmental
3267,interdependence
3268,interdiction
3269,interested
3270,interests
3271,interference
3272,interfund
3273,intergovernmental
3274,interim
3275,interior
3276,interlocking
3277,intermediary
3278,intermediate-range
3279,internal
3280,international
3281,internationally
3282,interpret
3283,interrelated
3284,interruption
3285,interstate
3286,intervention
3287,interviewed
3288,intimidation
3289,intolerable
3290,intransigence
3291,introduced
3292,introduction
3293,intrusive
3294,inure
3295,invade
3296,invading
3297,invariably
3298,invasion
3299,inventory
3300,invest
3301,invested
3302,investigated
3303,investigations
3304,investigative
3305,investigators
3306,investing
3307,investment
3308,investments
3309,invigorate
3310,invincible
3311,invite
3312,invoke
3313,involve
3314,involved
3315,involvement
3316,involves
3317,involving
3318,iran
3319,iran-iraq
3320,iranian
3321,iraq
3322,iraq-iran
3323,iron
3324,irony
3325,irreplaceable
3326,irresponsibility
3327,irresponsible
3328,irreversible
3329,irrigation
3330,islamic
3331,island
3332,islands
3333,isn't
3334,isolationism
3335,israel
3336,issue
3337,issued
3338,issues
3339,it's
3340,items
3341,jackson
3342,jacob
3343,jail
3344,jamaica
3345,james
3346,january
3347,japan
3348,japanese
3349,jean
3350,jefferson
3351,jeopardize
3352,jeopardizing
3353,jeremiah
3354,jersey
3355,jim
3356,jimmy
3357,job
3358,jobs
3359,john
3360,join
3361,joined
3362,joining
3363,joint
3364,jointly
3365,journey
3366,journeyed
3367,joy
3368,joyful
3369,judeo-christian
3370,judge
3371,judged
3372,judgeships
3373,judgment
3374,judicial
3375,judiciary
3376,judicious
3377,july
3378,june
3379,jungle
3380,junta
3381,jurisdictions
3382,just
3383,justice
3384,justices
3385,justifiably
3386,justify
3387,kampuchea
3388,kean
3389,keeping
3390,keeps
3391,kemeny
3392,kennedy
3393,kept
3394,key
3395,keyed
3396,keys
3397,keystone
3398,kicked
3399,kid
3400,kids
3401,kill
3402,killing
3403,kind
3404,kindness
3405,kinds
3406,king
3407,kingpins
3408,kitchen
3409,knew
3410,knock
3411,knocking
3412,know
3413,knowing
3414,knowledge
3415,known
3416,knows
3417,korea
3418,korea's
3419,kuwait
3420,labor
3421,laboratories
3422,ladder
3423,ladies
3424,lady
3425,lafayette
3426,laid
3427,lake
3428,lake's
3429,lakes
3430,land
3431,land-based
3432,landing
3433,landmark
3434,lands
3435,landsat
3436,landscape
3437,language
3438,languished
3439,lao-tzu
3440,laos
3441,large
3442,large-scale
3443,largely
3444,larger
3445,largest
3446,laser
3447,lasting
3448,late
3449,later
3450,latest
3451,latin
3452,latitude
3453,laughter
3454,launch
3455,launched
3456,law
3457,lawlessness
3458,laws
3459,lawsuits
3460,layer
3461,laying
3462,lays
3463,lead
3464,leader
3465,leaders
3466,leadership
3467,leading
3468,leads
3469,leaguers
3470,leaning
3471,leaps
3472,learn
3473,learned
3474,learning
3475,lease
3476,leasing
3477,leave
3478,leaves
3479,leaving
3480,lebanese
3481,lebanon
3482,lech
3483,led
3484,left
3485,legacy
3486,legal
3487,legislates
3488,legislation
3489,legislative
3490,legislators
3491,legislatures
3492,legitimate
3493,legs
3494,lend
3495,lender
3496,lenders
3497,lending
3498,length
3499,lengthy
3500,lenny
3501,lent
3502,lessened
3503,lessening
3504,lesson
3505,let
3506,letter
3507,letting
3508,level
3509,levels
3510,leverage
3511,liability
3512,liberal
3513,liberalization
3514,liberate
3515,liberia
3516,liberties
3517,liberty
3518,libraries
3519,libya
3520,libyan
3521,libyan-inspired
3522,lie
3523,lies
3524,life
3525,lifeblood
3526,lifesaving
3527,lifetime
3528,lift
3529,lifting
3530,light
3531,lighten
3532,lights
3533,like
3534,liked
3535,likelihood
3536,likely
3537,likewise
3538,limit
3539,limitation
3540,limitations
3541,limited
3542,limiting
3543,limits
3544,lincoln
3545,line
3546,line-item
3547,lineitem
3548,lines
3549,lining
3550,link
3551,linkage
3552,linkages
3553,linked
3554,linking
3555,links
3556,lippmann
3557,liquefaction
3558,liquid
3559,liquidating
3560,listed
3561,listen
3562,listening
3563,listing
3564,lists
3565,literacy
3566,literally
3567,literate
3568,literature
3569,little
3570,live
3571,lived
3572,lives
3573,livestock
3574,living
3575,loan
3576,loaned
3577,loans
3578,lobbies
3579,local
3580,localities
3581,locating
3582,location
3583,locations
3584,lock
3585,locked
3586,locks
3587,logic
3588,london
3589,long
3590,long-held
3591,long-range
3592,long-run
3593,long-running
3594,long-standing
3595,long-term
3596,longer
3597,longest
3598,longfellow's
3599,longing
3600,longstanding
3601,look
3602,looked
3603,looking
3604,looks
3605,loom
3606,looming
3607,loopholes
3608,lose
3609,losing
3610,loss
3611,losses
3612,lost
3613,lot
3614,lou
3615,loud
3616,love
3617,loved
3618,loving
3619,lovingly
3620,low
3621,low-cost
3622,low-demand
3623,low-income
3624,lower
3625,lower-income
3626,lowered
3627,lowest
3628,lumber
3629,lumbering
3630,lumberjacks
3631,lumbermen
3632,lung
3633,luther
3634,luxury
3635,m-x
3636,macarthur
3637,machine
3638,madison
3639,madman
3640,madrid
3641,magic
3642,magnet
3643,mail
3644,main
3645,mainly
3646,mainstream
3647,mainstreaming
3648,maintain
3649,maintained
3650,maintaining
3651,maintenance
3652,majesty
3653,major
3654,majority
3655,make
3656,makes
3657,making
3658,male
3659,malnutrition
3660,man
3661,manage
3662,manageable
3663,managed
3664,management
3665,managerial
3666,managers
3667,mandate
3668,mandated
3669,mandates
3670,mandating
3671,mandatory
3672,manifestation
3673,manifested
3674,manipulate
3675,manipulated
3676,mankind
3677,manmade
3678,manned
3679,manner
3680,manpower
3681,manufacture
3682,manufactured
3683,manuscripts
3684,map
3685,march
3686,margin
3687,mariana
3688,marijuana
3689,marine
3690,marines
3691,maritime
3692,mark
3693,marked
3694,markedly
3695,market
3696,market-oriented
3697,marketplace
3698,markets
3699,marks
3700,markwell
3701,marshalling
3702,martial
3703,martin
3704,maryland
3705,mask
3706,mass
3707,massive
3708,master
3709,masters
3710,match
3711,matching
3712,material
3713,materials
3714,maternal
3715,math
3716,mathematics
3717,matter
3718,matters
3719,mattingly
3720,matured
3721,max
3722,maximum
3723,maybe
3724,mayor
3725,maze
3726,mbda
3727,mcduffie
3728,meals
3729,mean
3730,meaning
3731,meaningful
3732,means
3733,meant
3734,meantime
3735,measles
3736,measurable
3737,measure
3738,measured
3739,measures
3740,mechanism
3741,mechanisms
3742,median
3743,mediatory
3744,medic
3745,medicaid
3746,medical
3747,medically
3748,medicare
3749,medicine
3750,medicines
3751,medics
3752,medigap
3753,mediocrity
3754,mediterranean
3755,meet
3756,meeting
3757,meetings
3758,meets
3759,member
3760,members
3761,membership
3762,memory
3763,men
3764,menace
3765,mend
3766,mental
3767,mentally
3768,mention
3769,mentioned
3770,merchant
3771,merchants
3772,mercy
3773,merely
3774,merit
3775,mess
3776,message
3777,messages
3778,met
3779,metals
3780,method
3781,methods
3782,mexican
3783,mexico
3784,mia
3785,michel
3786,micromanagement
3787,micronesia
3788,middle
3789,middle-income
3790,midst
3791,mighty
3792,migration
3793,migrations
3794,mile
3795,mileage
3796,miles
3797,militarily
3798,military
3799,military-industrial
3800,milk
3801,million
3802,millions
3803,mind
3804,minds
3805,minefields
3806,mineral
3807,miners
3808,minh
3809,minimize
3810,minimum
3811,minister
3812,ministerial
3813,ministers
3814,minnesota
3815,minor
3816,minorities
3817,minority
3818,minority-owned
3819,minutes
3820,miracle
3821,miracles
3822,miranda
3823,miscalculations
3824,misfortune
3825,misinformation
3826,mismanagement
3827,miss
3828,missed
3829,missile
3830,missiles
3831,missing
3832,mission
3833,mississippi
3834,misspoke
3835,mistake
3836,mistakes
3837,misunderstandings
3838,mixed
3839,mixture
3840,mobile
3841,mobility
3842,mobilization
3843,mobilize
3844,model
3845,models
3846,moderate
3847,moderated
3848,moderation
3849,modern
3850,modernization
3851,modernize
3852,modernized
3853,modernizing
3854,modes
3855,modest
3856,modification
3857,moment
3858,momentous
3859,moments
3860,momentum
3861,mondale
3862,monetary
3863,money
3864,money's
3865,monitor
3866,monitoring
3867,monopoly
3868,monroe
3869,monster
3870,monstrous
3871,month
3872,monthly
3873,months
3874,monument
3875,monumentous
3876,monuments
3877,moon
3878,moral
3879,morale
3880,morocco
3881,mortality
3882,mortgage
3883,mortgages
3884,moscow
3885,moslem
3886,mother
3887,mother's
3888,mothers
3889,motion
3890,motives
3891,motor
3892,mounted
3893,mounting
3894,mourn
3895,moved
3896,movement
3897,moving
3898,mph
3899,mujahidin
3900,multi-faceted
3901,multi-year
3902,multibillion-dollar
3903,multilateral
3904,multimillion-dollar
3905,multinational
3906,multiple
3907,multiply
3908,multiracial
3909,multiyear
3910,mumps
3911,museums
3912,music
3913,mutual
3914,mutually
3915,mysteries
3916,mystifying
3917,n't
3918,naivete
3919,named
3920,namibia
3921,nancy
3922,narcotic
3923,narrow
3924,nasa
3925,nation
3926,nation's
3927,national
3928,nationally
3929,nations
3930,nationwide
3931,native
3932,nato
3933,natural
3934,nature
3935,naval
3936,navy
3937,near
3938,near-term
3939,nearest
3940,nearly
3941,necessary
3942,necessitate
3943,necessities
3944,necessity
3945,need
3946,need-based
3947,needed
3948,neediest
3949,needle
3950,needless
3951,needlessly
3952,needs
3953,needy
3954,negative
3955,neglect
3956,neglected
3957,negotiate
3958,negotiated
3959,negotiating
3960,negotiation
3961,negotiations
3962,negotiators
3963,neighbor
3964,neighborhood
3965,neighborhoods
3966,neighboring
3967,neighbors
3968,nelle
3969,nerves
3970,net
3971,network
3972,new
3973,newark
3974,newborn
3975,newcomer
3976,newest
3977,newport
3978,news
3979,newspapers
3980,newsrooms
3981,nguyen
3982,nhsc
3983,nicaragua
3984,nicaraguan
3985,nigeria
3986,night
3987,nightly
3988,nightmare
3989,nightmares
3990,nineteen
3991,nobel
3992,noble
3993,nobler
3994,noblest
3995,nominated
3996,nominees
3997,non-aligned
3998,non-communist
3999,non-federal
4000,non-intervention
4001,non-nato
4002,non-proliferation
4003,non-tariff
4004,non-urban
4005,non-violence
4006,non-violent
4007,nonaligned
4008,nonessential
4009,nonetheless
4010,noninflationary
4011,nonintervention
4012,nonnuclear
4013,nonproliferation
4014,norfolk
4015,normalization
4016,normalize
4017,norms
4018,north
4019,north-south
4020,northeast
4021,northern
4022,northwest
4023,nosedive
4024,notable
4025,notably
4026,note
4027,noted
4028,notice
4029,notified
4030,notion
4031,notions
4032,nourish
4033,nourishment
4034,november
4035,nuclear
4036,number
4037,numbered
4038,numbers
4039,numerous
4040,nurse
4041,nurture
4042,nutrition
4043,o'neill
4044,oas
4045,oau
4046,objective
4047,objectively
4048,objectives
4049,obligation
4050,obligations
4051,obscure
4052,observations
4053,observe
4054,observed
4055,observing
4056,obsessed
4057,obsession
4058,obsolete
4059,obstacle
4060,obstacles
4061,obtain
4062,obtained
4063,obtaining
4064,occasion
4065,occupancy
4066,occupation
4067,occupational
4068,occupy
4069,occur
4070,occurred
4071,occurring
4072,ocean
4073,oceanic
4074,oceans
4075,ocs
4076,october
4077,odd
4078,odds
4079,ofccp
4080,offenders
4081,offense
4082,offensive
4083,offer
4084,offered
4085,offers
4086,office
4087,officers
4088,official
4089,officially
4090,officials
4091,offset
4092,oil
4093,oil-burning
4094,oil-consuming
4095,oil-producing
4096,old
4097,older
4098,oldest
4099,olympic
4100,omb
4101,ominous
4102,omnibus
4103,on-site
4104,one-half
4105,one-third
4106,onerous
4107,ones
4108,ongoing
4109,onslaught
4110,opec
4111,open
4112,opened
4113,opening
4114,openly
4115,openness
4116,opens
4117,operate
4118,operates
4119,operating
4120,operation
4121,operational
4122,operations
4123,operators
4124,opinion
4125,opportunities
4126,opportunity
4127,oppose
4128,opposed
4129,opposing
4130,opposition
4131,oppress
4132,oppression
4133,optimism
4134,option
4135,options
4136,orange
4137,orbit
4138,orbital
4139,ordeal
4140,order
4141,orderly
4142,orders
4143,ordinary
4144,ore
4145,organization
4146,organizational
4147,organizations
4148,organized
4149,organizing
4150,orient
4151,orientation
4152,origin
4153,original
4154,orleans
4155,otis
4156,ottawa
4157,ought
4158,out-of-control
4159,out-of-pocket
4160,out-patient
4161,outbreak
4162,outcome
4163,outcompete
4164,outdated
4165,outer
4166,outlay
4167,outlays
4168,outlet
4169,outline
4170,outlined
4171,outlook
4172,outmoded
4173,outproduce
4174,output
4175,outraged
4176,outrageous
4177,outreach
4178,outright
4179,outsell
4180,outside
4181,outskirts
4182,outstanding
4183,outweighs
4184,overall
4185,overalls
4186,overarching
4187,overcame
4188,overcome
4189,overcoming
4190,overdependence
4191,overdo
4192,overdose
4193,overdue
4194,overhaul
4195,overhauled
4196,overlaid
4197,overlapping
4198,overlooking
4199,overly
4200,overnight
4201,overpayments
4202,overpowering
4203,overpromise
4204,overregulation
4205,override
4206,overseas
4207,oversee
4208,oversight
4209,overspend
4210,overspending
4211,overspends
4212,overturned
4213,overview
4214,overwhelm
4215,overwhelmed
4216,overwhelming
4217,overwhelmingly
4218,owe
4219,owed
4220,owned
4221,ownership
4222,owning
4223,p.m
4224,pace
4225,pacific
4226,pack
4227,package
4228,packard
4229,packing
4230,pact
4231,page
4232,pages
4233,paid
4234,pain
4235,painful
4236,pains
4237,painted
4238,painting
4239,pakistan
4240,pale
4241,pales
4242,palestinian
4243,panama
4244,panamanian
4245,panels
4246,paper
4247,paperwork
4248,paraguay
4249,parallel
4250,paralysis
4251,paralyzed
4252,paratransit
4253,pare
4254,parent
4255,parents
4256,park
4257,parks
4258,parliament
4259,paroles
4260,part-time
4261,partial
4262,participants
4263,participate
4264,participating
4265,participation
4266,particles
4267,particular
4268,particularly
4269,parties
4270,partisan
4271,partisanship
4272,partner
4273,partners
4274,partnership
4275,partnerships
4276,parts
4277,party
4278,pass
4279,pass-through
4280,passage
4281,passed
4282,passenger
4283,passing
4284,passive
4285,past
4286,pate
4287,path
4288,patience
4289,patients
4290,patriotic
4291,patriotism
4292,patrol
4293,patsies
4294,pattern
4295,patterns
4296,paused
4297,pavement
4298,paving
4299,pay
4300,payable
4301,paycheck
4302,paychecks
4303,paying
4304,payloads
4305,payment
4306,payment-in-kind
4307,payments
4308,payroll
4309,payrolls
4310,pays
4311,pd-18
4312,pd-37
4313,pd-41
4314,pd-53
4315,pd-57
4316,pd-58
4317,pd-59
4318,peace
4319,peace-loving
4320,peaceful
4321,peacefully
4322,peacekeeper
4323,peacekeeping
4324,peacemakers
4325,peacemaking
4326,peacetime
4327,peering
4328,pen
4329,penalties
4330,penalty
4331,pending
4332,pennsylvania
4333,penny
4334,pension
4335,pensions
4336,pent-up
4337,pentagon
4338,people
4339,people-to-people
4340,peoples
4341,percent
4342,percentage
4343,perceptions
4344,perez
4345,perfect
4346,perform
4347,performance
4348,performed
4349,performs
4350,peril
4351,period
4352,periodic
4353,periodicals
4354,periods
4355,perish
4356,permanent
4357,permanently
4358,permeated
4359,permissive
4360,permit
4361,permits
4362,permitting
4363,perpetuity
4364,persecutes
4365,persecution
4366,perseverance
4367,pershing
4368,persian
4369,persist
4370,persistence
4371,persistent
4372,persists
4373,person
4374,personable
4375,personal
4376,personally
4377,personally-directed
4378,personel
4379,personnel
4380,persons
4381,perspective
4382,persuade
4383,peru
4384,pervasive
4385,pessimistic
4386,petroleum
4387,pettiness
4388,phase
4389,phased
4390,phases
4391,philadelphia
4392,philanthropy
4393,philippine
4394,philippines
4395,philosopher
4396,phone
4397,photovoltaics
4398,phrase
4399,physical
4400,physicists
4401,pianist
4402,picture
4403,piece
4404,pieces
4405,pier
4406,pike
4407,pillars
4408,pilot
4409,pinpoint
4410,pioneer
4411,pioneered
4412,pioneers
4413,pits
4414,pivotal
4415,place
4416,placed
4417,placement
4418,places
4419,plain
4420,plan
4421,plane
4422,planet
4423,planetary
4424,planned
4425,planning
4426,plans
4427,plant
4428,planted
4429,plants
4430,play
4431,played
4432,playing
4433,playwright
4434,plea
4435,pleasant
4436,pleased
4437,pleasure
4438,pledge
4439,pledged
4440,pledges
4441,pledging
4442,plenty
4443,plight
4444,plo
4445,plug
4446,plummeting
4447,pluralistic
4448,plurality
4449,plus
4450,podium
4451,poem
4452,point
4453,pointing
4454,points
4455,poised
4456,poisoning
4457,poland
4458,police
4459,policies
4460,policy
4461,policymaking
4462,polish
4463,political
4464,politically
4465,politics
4466,polluters
4467,pollution
4468,pool
4469,poor
4470,poorest
4471,poorly
4472,popular
4473,popularity
4474,population
4475,populations
4476,pork
4477,pornography
4478,port
4479,portion
4480,portions
4481,ports
4482,portsmouth
4483,portugal
4484,pose
4485,posed
4486,poseidon
4487,poses
4488,posing
4489,position
4490,positioned
4491,positions
4492,positive
4493,possessed
4494,possessing
4495,possessions
4496,possibilities
4497,possibility
4498,possible
4499,possibly
4500,post
4501,post-recessionary
4502,post-secondary
4503,posterity
4504,postpone
4505,postponement
4506,posts
4507,postsecondary
4508,posture
4509,postwar
4510,potent
4511,potential
4512,potentialities
4513,potentially
4514,potholes
4515,potomac
4516,pounds
4517,poverty
4518,pow
4519,power
4520,powerful
4521,powerfully
4522,powers
4523,practical
4524,practically
4525,practice
4526,practices
4527,pragmatic
4528,prague
4529,praise
4530,pray
4531,prayer
4532,prayers
4533,pre-natal
4534,preamble
4535,precedent
4536,precept
4537,precious
4538,precipitous
4539,precise
4540,predetermined
4541,predict
4542,predictable
4543,predictably
4544,predicted
4545,predictions
4546,preference
4547,preferences
4548,preferred
4549,prefers
4550,pregnancies
4551,pregnancy
4552,pregnant
4553,preliminary
4554,premature
4555,premise
4556,premised
4557,premium
4558,prenatal
4559,preordained
4560,preparations
4561,prepare
4562,prepared
4563,preparedness
4564,preparing
4565,preposition
4566,prepositioning
4567,prerogative
4568,preschool
4569,presence
4570,present
4571,presented
4572,presenting
4573,presently
4574,preservation
4575,preserve
4576,preserved
4577,preserves
4578,preserving
4579,presided
4580,presidency
4581,president
4582,presidential
4583,presidentially-directed
4584,presidents
4585,press
4586,presses
4587,pressing
4588,pressures
4589,pretend
4590,pretends
4591,prevent
4592,preventable
4593,prevented
4594,preventing
4595,prevention
4596,preventive
4597,prevents
4598,previous
4599,previously
4600,price
4601,price-cost
4602,priceless
4603,prices
4604,pricing
4605,pride
4606,primarily
4607,primary
4608,prime
4609,principal
4610,principals
4611,principle
4612,principles
4613,prior
4614,priorities
4615,priority
4616,prison
4617,prisoner
4618,prisoners
4619,prisons
4620,privacy
4621,private
4622,prize
4623,pro-america
4624,probably
4625,problem
4626,problems
4627,procedural
4628,procedures
4629,proceed
4630,proceeding
4631,proceedings
4632,proceeds
4633,process
4634,processing
4635,proclaim
4636,proclaims
4637,proctor
4638,procurement
4639,prodigy
4640,produce
4641,produced
4642,producers
4643,produces
4644,producing
4645,product
4646,production
4647,productive
4648,productivity
4649,products
4650,profamily
4651,profession
4652,professional
4653,profit
4654,profits
4655,profound
4656,profoundly
4657,profuture
4658,program
4659,programming
4660,programs
4661,progress
4662,progressive
4663,prohibiting
4664,prohibition
4665,project
4666,projected
4667,projecting
4668,projection
4669,projections
4670,projects
4671,projobs
4672,proliferation
4673,prolonged
4674,prolonging
4675,prominence
4676,promise
4677,promised
4678,promises
4679,promising
4680,promisingly
4681,promote
4682,promotes
4683,promoting
4684,promotion
4685,prompt
4686,promptly
4687,promulgate
4688,prone
4689,proof
4690,propensity
4691,proper
4692,properly
4693,proportion
4694,proportions
4695,proposal
4696,proposals
4697,propose
4698,proposed
4699,proposes
4700,proposing
4701,props
4702,prosecution
4703,prospect
4704,prospective
4705,prospects
4706,prosper
4707,prosperity
4708,prosperous
4709,protect
4710,protected
4711,protecting
4712,protection
4713,protectionism
4714,protections
4715,protects
4716,protocol
4717,protracted
4718,proud
4719,proudly
4720,prove
4721,proved
4722,proven
4723,proverbs
4724,provide
4725,provided
4726,provider
4727,providers
4728,provides
4729,providing
4730,provincial
4731,proving
4732,provision
4733,provisionally
4734,provisions
4735,proxies
4736,prudence
4737,prudent
4738,pry
4739,psychological
4740,public
4741,publication
4742,publicly
4743,puerto
4744,pulaski
4745,pull
4746,pulled
4747,pulling
4748,pump
4749,pundits
4750,punishing
4751,puppet
4752,purchase
4753,purchased
4754,purchases
4755,purchasing
4756,purely
4757,purity
4758,purpose
4759,purposes
4760,pursuant
4761,pursue
4762,pursued
4763,pursuing
4764,pursuit
4765,push
4766,pushed
4767,pushers
4768,pushes
4769,pushing
4770,putting
4771,pvt
4772,quadrupled
4773,qualified
4774,quality
4775,quantities
4776,quantum
4777,quarrel
4778,quarter
4779,quayle
4780,quest
4781,question
4782,questionable
4783,questioned
4784,questions
4785,quick
4786,quickly
4787,quiet
4788,quita
4789,quite
4790,quotas
4791,quoting
4792,race
4793,racism
4794,racketeers
4795,radical
4796,radio
4797,radioactive
4798,rail
4799,railroad
4800,railroads
4801,rain
4802,raise
4803,raised
4804,raises
4805,raising
4806,rallied
4807,rally
4808,ramp
4809,rampant
4810,ramparts
4811,ran
4812,range
4813,ranged
4814,ranger
4815,rangers
4816,ranging
4817,rangoon
4818,rank
4819,rapid
4820,rapidly
4821,rare
4822,rate
4823,rates
4824,ratification
4825,ratified
4826,ratify
4827,ratifying
4828,ratio
4829,rationalize
4830,rationing
4831,rattled
4832,ravaging
4833,raw
4834,rayburn
4835,rays
4836,reach
4837,reached
4838,reaches
4839,reaching
4840,reaction
4841,reactionary
4842,reactivated
4843,reactivating
4844,reactors
4845,read
4846,readiness
4847,reading
4848,readjustment
4849,ready
4850,reaffirm
4851,reaffirmations
4852,reaffirmed
4853,reaffirms
4854,reagan
4855,real
4856,realignment
4857,realism
4858,realistic
4859,realists
4860,reality
4861,realization
4862,realize
4863,realized
4864,realizing
4865,really
4866,realms
4867,reapportionment
4868,rearmed
4869,reason
4870,reasonable
4871,reasons
4872,reassess
4873,reassured
4874,reauthorization
4875,reauthorized
4876,reauthorizing
4877,rebirth
4878,reborn
4879,rebuild
4880,rebuilding
4881,rebuilt
4882,recall
4883,recalling
4884,receipts
4885,receive
4886,received
4887,receiving
4888,recent
4889,recently
4890,recently-concluded
4891,recession
4892,recessions
4893,recipients
4894,reciprocal
4895,recitation
4896,reckoning
4897,reclaimed
4898,recognition
4899,recognize
4900,recognized
4901,recognizes
4902,recognizing
4903,recommend
4904,recommendation
4905,recommendations
4906,recommended
4907,reconcile
4908,reconciliation
4909,reconfirmed
4910,reconstruct
4911,reconvening
4912,record
4913,recorded
4914,records
4915,recount
4916,recoveries
4917,recovering
4918,recovers
4919,recovery
4920,recreational
4921,recruit
4922,rectified
4923,recur
4924,recurring
4925,red
4926,rededication
4927,redeems
4928,redefine
4929,redefining
4930,redirect
4931,redirected
4932,redirection
4933,rediscover
4934,rediscovered
4935,rediscovery
4936,redouble
4937,reduce
4938,reduced
4939,reduces
4940,reducing
4941,reduction
4942,reductions
4943,reenact
4944,reestablishing
4945,reestablishment
4946,reevaluation
4947,reference
4948,referendum
4949,referred
4950,refinance
4951,refinanced
4952,refinements
4953,reflect
4954,reflected
4955,reflection
4956,reflects
4957,refocused
4958,reform
4959,reformed
4960,reforms
4961,refound
4962,refuge
4963,refugee
4964,refugees
4965,refuges
4966,refundable
4967,refused
4968,refuses
4969,refute
4970,regain
4971,regained
4972,regaining
4973,regan
4974,regard
4975,regarded
4976,regime
4977,regimes
4978,region
4979,regional
4980,regions
4981,register
4982,registering
4983,registration
4984,registry
4985,regret
4986,regretted
4987,regular
4988,regularly
4989,regulate
4990,regulation
4991,regulations
4992,regulator
4993,regulatory
4994,rehabilitation
4995,reimbursement
4996,reinforce
4997,reintegration
4998,reinvest
4999,reinvigorate
5000,reiterated
5001,rejected
5002,rejection
5003,rejoice
5004,rejoin
5005,related
5006,relating
5007,relations
5008,relationship
5009,relationships
5010,relative
5011,relatively
5012,relatives
5013,relax
5014,release
5015,released
5016,releases
5017,relevant
5018,reliable
5019,reliance
5020,relied
5021,relief
5022,religion
5023,religious
5024,religiously
5025,relinquish
5026,relocation
5027,rely
5028,relying
5029,remain
5030,remainder
5031,remained
5032,remaining
5033,remains
5034,remarkable
5035,remarkably
5036,remarks
5037,remedied
5038,remedies
5039,remedy
5040,remember
5041,remembered
5042,reminded
5043,reminder
5044,reminders
5045,reminding
5046,reminds
5047,remote
5048,removal
5049,remove
5050,removed
5051,removing
5052,renaissance
5053,render
5054,renegotiated
5055,renew
5056,renewable
5057,renewal
5058,renewed
5059,renewing
5060,rental
5061,rents
5062,reorganization
5063,reorganize
5064,reorganized
5065,reorient
5066,reorientation
5067,repair
5068,repeat
5069,repeated
5070,repeatedly
5071,repelled
5072,replace
5073,replaced
5074,replacement
5075,report
5076,reported
5077,reporters
5078,reporting
5079,reports
5080,repository
5081,represent
5082,representation
5083,representative
5084,representatives
5085,represented
5086,represents
5087,repression
5088,repressive
5089,reproach
5090,republic
5091,republican
5092,republicans
5093,request
5094,requested
5095,requesting
5096,requests
5097,require
5098,required
5099,requirement
5100,requirements
5101,requires
5102,requiring
5103,rescheduling
5104,rescind
5105,rescissions
5106,rescue
5107,rescued
5108,research
5109,reserve
5110,reserved
5111,reserves
5112,reserving
5113,reservists
5114,resettled
5115,resettlement
5116,residents
5117,resilient
5118,resist
5119,resisting
5120,resolute
5121,resolution
5122,resolutions
5123,resolve
5124,resolved
5125,resolving
5126,resort
5127,resorted
5128,resorting
5129,resource
5130,resources
5131,respect
5132,respectable
5133,respected
5134,respecting
5135,respectively
5136,respects
5137,respond
5138,responded
5139,responding
5140,responds
5141,response
5142,responses
5143,responsibilities
5144,responsibility
5145,responsible
5146,responsibly
5147,responsive
5148,rest
5149,restart
5150,restoration
5151,restore
5152,restored
5153,restoring
5154,restrain
5155,restrained
5156,restraining
5157,restraint
5158,restraints
5159,restricted
5160,restricting
5161,restrictions
5162,rests
5163,result
5164,resulted
5165,resulting
5166,results
5167,resumed
5168,resumption
5169,resurgence
5170,resurgent
5171,retain
5172,retaliate
5173,retaliation
5174,retention
5175,retire
5176,retired
5177,retirement
5178,retraining
5179,retreat
5180,retreating
5181,return
5182,returned
5183,returning
5184,returns
5185,revealed
5186,revel
5187,revelations
5188,revenue
5189,revenues
5190,reverse
5191,reversed
5192,reversing
5193,review
5194,reviewed
5195,revise
5196,revised
5197,revision
5198,revitalization
5199,revitalize
5200,revitalized
5201,revitalizing
5202,revival
5203,revive
5204,revolution
5205,revolutionary
5206,revolutionize
5207,revolutions
5208,reward
5209,rewarded
5210,rhodesia
5211,rica
5212,rich
5213,richard
5214,richly
5215,rico
5216,rid
5217,ride
5218,ridership
5219,ridge
5220,riding
5221,rife
5222,right
5223,rights
5224,rigorous
5225,ring
5226,rings
5227,riobamba
5228,rise
5229,risen
5230,rises
5231,rising
5232,risk
5233,risk-takers
5234,risk-taking
5235,risked
5236,risking
5237,risks
5238,risktakers
5239,risktaking
5240,ritter
5241,rivalries
5242,river
5243,road
5244,roads
5245,roadways
5246,roam
5247,robert
5248,robust
5249,rock
5250,rock-hard
5251,roger
5252,role
5253,roles
5254,roll
5255,rolled
5256,ronald
5257,roncador
5258,roof
5259,room
5260,rooms
5261,roosevelt
5262,root
5263,rooted
5264,roots
5265,rose
5266,roughly
5267,round
5268,rousing
5269,rout
5270,route
5271,routes
5272,routinely
5273,row
5274,rubber
5275,rubber-producing
5276,ruckelshaus
5277,rule
5278,rulers
5279,rules
5280,run
5281,runaway
5282,rung
5283,running
5284,rural
5285,rushed
5286,sacred
5287,sacrifice
5288,sacrifices
5289,sacrificing
5290,sadat
5291,sadly
5292,safe
5293,safeguard
5294,safeguarding
5295,safeguards
5296,safehaven
5297,safekeeping
5298,safely
5299,safer
5300,safety
5301,sahara
5302,said
5303,saigon
5304,sail
5305,sails
5306,sake
5307,sale
5308,sales
5309,salt
5310,salute
5311,saluted
5312,saluting
5313,salvador
5314,sam
5315,samoa
5316,sanctions
5317,sanctuary
5318,sandburg
5319,sandinista
5320,sandinistas
5321,sane
5322,sanitation
5323,sank
5324,santa
5325,sat
5326,satellite
5327,satellites
5328,satisfaction
5329,satisfied
5330,satisfy
5331,save
5332,saved
5333,savers
5334,saving
5335,savings
5336,saw
5337,say
5338,saying
5339,says
5340,sba
5341,scale
5342,scarce
5343,scattered
5344,scene
5345,scenic
5346,schedule
5347,scheduled
5348,scholarly
5349,scholars
5350,scholarship
5351,scholastic
5352,school
5353,school-age
5354,schooling
5355,schoolroom
5356,schools
5357,science
5358,scientific
5359,scientist
5360,scoop
5361,scope
5362,scores
5363,scourge
5364,scowcroft
5365,scrutinize
5366,scrutinized
5367,scrutiny
5368,sdi
5369,sea
5370,seabed
5371,seafaring
5372,sealift
5373,seapower
5374,search
5375,searched
5376,seas
5377,season
5378,seat
5379,second
5380,secondary
5381,secondly
5382,secret
5383,secretary
5384,secretary-then-regan
5385,secrets
5386,section
5387,sector
5388,sectoral
5389,sectors
5390,secure
5391,secured
5392,securing
5393,security
5394,seeds
5395,seeing
5396,seek
5397,seeking
5398,seeks
5399,seemingly
5400,seen
5401,sees
5402,segment
5403,segments
5404,seize
5405,seized
5406,seldom
5407,select
5408,selected
5409,selective
5410,self
5411,self-control
5412,self-defense
5413,self-delusion
5414,self-determination
5415,self-employed
5416,self-evident
5417,self-government
5418,self-reliance
5419,self-respect
5420,self-sufficiency
5421,self-supporting
5422,self-sustaining
5423,sell
5424,semiconductor
5425,senate
5426,senator
5427,send
5428,sending
5429,senior
5430,seniors
5431,sense
5432,sensible
5433,sensibly
5434,sensing
5435,sensitive
5436,sensitivity
5437,sent
5438,sentences
5439,sentry
5440,separate
5441,separately
5442,separation
5443,september
5444,sergeant
5445,series
5446,seriously
5447,seriousness
5448,serrano
5449,servant
5450,serve
5451,served
5452,serves
5453,service
5454,service-connected
5455,servicemen
5456,services
5457,serving
5458,session
5459,set
5460,sets
5461,setting
5462,settle
5463,settled
5464,settlement
5465,seven
5466,seven-year-long
5467,seventies
5468,severe
5469,severely
5470,sex
5471,sexual
5472,shackled
5473,shade
5474,shadow
5475,shale
5476,shall
5477,shallus
5478,shame
5479,shape
5480,shaped
5481,share
5482,shared
5483,shares
5484,sharing
5485,sharp
5486,shattering
5487,shelby
5488,shelf
5489,shelter
5490,sheltering
5491,shield
5492,shift
5493,shining
5494,ship
5495,shipbuilding
5496,shipments
5497,shippers
5498,shipping
5499,ships
5500,shipyard
5501,shirk
5502,shocking
5503,shocks
5504,shoes
5505,shop
5506,shop-worn
5507,shopping
5508,shops
5509,shores
5510,short
5511,short-notice
5512,short-range
5513,short-term
5514,shortage
5515,shortages
5516,shortcomings
5517,shorten
5518,shortened
5519,shorter
5520,shortfall
5521,shortly
5522,shot
5523,shoulder
5524,shoulders
5525,showed
5526,showing
5527,shown
5528,shows
5529,shrink
5530,shrinking
5531,shudder
5532,shut
5533,shuttle
5534,sick
5535,sidelines
5536,sides
5537,siege
5538,sight
5539,sights
5540,sign
5541,signal
5542,signaling
5543,signals
5544,signed
5545,significance
5546,significant
5547,significantly
5548,signify
5549,signs
5550,silhouette
5551,silicon
5552,similar
5553,simple
5554,simpler
5555,simplest
5556,simplicity
5557,simplification
5558,simplified
5559,simplifies
5560,simplify
5561,simplifying
5562,simplistic
5563,simply
5564,simultaneously
5565,sinai
5566,sinful
5567,singer
5568,single
5569,single-minded
5570,singular
5571,sino-american
5572,sir
5573,sister
5574,sit
5575,site
5576,sites
5577,sits
5578,sitting
5579,situation
5580,situations
5581,sixteen
5582,sixth
5583,sixties
5584,sixty-five
5585,size
5586,skill
5587,skilled
5588,skills
5589,skutnik
5590,sky
5591,skyrocketing
5592,slamming
5593,slashed
5594,sleeves
5595,slice
5596,slight
5597,slipping
5598,slogans
5599,slope
5600,slots
5601,slow
5602,slowdown
5603,slowed
5604,slowing
5605,slowly
5606,sluggish
5607,slump
5608,small
5609,smaller
5610,smallest
5611,sneaking
5612,so-called
5613,soar
5614,soared
5615,soaring
5616,social
5617,societies
5618,society
5619,soften
5620,softly
5621,solar
5622,soldiers
5623,sole
5624,solely
5625,solemn
5626,solid
5627,solidarity
5628,solution
5629,solutions
5630,solve
5631,solved
5632,solving
5633,somalia
5634,someday
5635,somewhat
5636,son
5637,song
5638,sons
5639,soon
5640,soothe
5641,soothing
5642,sophisticated
5643,sorrow
5644,sorry
5645,sought
5646,soul
5647,souls
5648,sound
5649,soundest
5650,source
5651,sources
5652,south
5653,south/southwest
5654,southeast
5655,southern
5656,southwest
5657,sovereign
5658,sovereignty
5659,soviet
5660,soviet-american
5661,soviet-backed
5662,soviet-supported
5663,soviets
5664,soybeans
5665,space
5666,space-engineering
5667,spacelab
5668,spain
5669,spark
5670,sparked
5671,sparkling
5672,sparks
5673,sparrow
5674,speak
5675,speaker
5676,speakership
5677,speaking
5678,special
5679,specialty
5680,species
5681,specific
5682,specifically
5683,specified
5684,spectacle
5685,specter
5686,spectre
5687,speech
5688,speeches
5689,speed
5690,spelled
5691,spend
5692,spending
5693,spends
5694,spendthrift
5695,spent
5696,sphere
5697,spider
5698,spinal
5699,spiraling
5700,spirit
5701,spirited
5702,spirits
5703,spiritual
5704,spite
5705,spoke
5706,spoken
5707,sponsored
5708,spontaneous
5709,spot
5710,spotlighted
5711,spots
5712,spouses
5713,spread
5714,spreading
5715,spring
5716,springboard
5717,sprit
5718,spur
5719,spurs
5720,spurt
5721,squadrons
5722,squander
5723,squarely
5724,squeeze
5725,stability
5726,stabilize
5727,stabilizing
5728,stable
5729,stages
5730,stagflation
5731,staggering
5732,staggers
5733,stagnation
5734,stake
5735,staked
5736,stakes
5737,stalled
5738,stamp
5739,stamped
5740,stamps
5741,stand
5742,stand-by
5743,standard
5744,standard-setting
5745,standards
5746,standby
5747,standing
5748,stands
5749,star
5750,starkest
5751,stars
5752,start
5753,started
5754,starters
5755,starting
5756,startling
5757,starts
5758,starvation
5759,state
5760,state-administered
5761,state-controlled
5762,state-sponsored
5763,stated
5764,statehood
5765,statehouse
5766,statement
5767,statements
5768,states
5769,statesmanship
5770,statesmen
5771,static
5772,station
5773,stations
5774,status
5775,statutes
5776,statutory
5777,stay
5778,steadfast
5779,steadfastedness
5780,steadfastness
5781,steadier
5782,steadily
5783,steady
5784,steam
5785,steel
5786,steelworkers
5787,steep
5788,stemming
5789,step
5790,stephen
5791,stepped
5792,steps
5793,steuben
5794,steubenville
5795,stewardship
5796,stick
5797,stiff
5798,stifled
5799,stimulants
5800,stimulate
5801,stimulation
5802,stimulus
5803,stock
5804,stockpile
5805,stones
5806,stood
5807,stop
5808,stopped
5809,storage
5810,storm
5811,story
5812,straight
5813,strain
5814,strained
5815,strains
5816,straits
5817,stranger
5818,strategic
5819,strategically
5820,strategies
5821,strategy
5822,streamline
5823,streamlined
5824,streamlining
5825,street
5826,streets
5827,strength
5828,strengthen
5829,strengthened
5830,strengthening
5831,strengthens
5832,stress
5833,stressed
5834,stressing
5835,stretching
5836,strict
5837,strides
5838,strife
5839,strike
5840,strikes
5841,striking
5842,stringent
5843,strive
5844,striving
5845,stroke
5846,stroll
5847,strong
5848,stronger
5849,strongest
5850,strongly
5851,struck
5852,structural
5853,structure
5854,structured
5855,struggle
5856,struggled
5857,struggles
5858,struggling
5859,student
5860,students
5861,studied
5862,studies
5863,study
5864,studying
5865,subatomic
5866,subcontinent
5867,subject
5868,subjects
5869,subjugate
5870,submarine
5871,submarines
5872,submit
5873,submitted
5874,submitting
5875,subsequently
5876,subsidies
5877,subsidize
5878,subsidized
5879,subsidy
5880,substance
5881,substances
5882,substantial
5883,substantially
5884,substantive
5885,substitute
5886,subtitle
5887,subtle
5888,suburban
5889,subversion
5890,subway
5891,succeed
5892,succeeds
5893,success
5894,successes
5895,successful
5896,successfully
5897,sudden
5898,sueno
5899,suffer
5900,suffered
5901,suffering
5902,suffice
5903,sufficient
5904,sufficiently
5905,sugar
5906,suggested
5907,suggestions
5908,sullivan
5909,summer
5910,summit
5911,summon
5912,summoned
5913,sun
5914,sunlight
5915,sunrise
5916,sunset
5917,super
5918,super-fund
5919,superfund
5920,superhuman
5921,supermarket
5922,superpower
5923,superpowers
5924,supervision
5925,supplemental
5926,supplemented
5927,supplementing
5928,supplements
5929,supplied
5930,supplier
5931,suppliers
5932,supplies
5933,supply
5934,support
5935,supported
5936,supporting
5937,supports
5938,supposedly
5939,suppressing
5940,suppression
5941,supreme
5942,sure
5943,surely
5944,surer
5945,surge
5946,surgeon
5947,surgery
5948,surmounted
5949,surpass
5950,surplus
5951,surpluses
5952,surprised
5953,surround
5954,surrounded
5955,surrounding
5956,surrounds
5957,survey
5958,surveying
5959,survivability
5960,survival
5961,survive
5962,survivors
5963,suspended
5964,suspension
5965,sustain
5966,sustainable
5967,sustained
5968,sustenance
5969,swamped
5970,swap
5971,sweeping
5972,swelling
5973,swept
5974,swift
5975,swiftly
5976,swings
5977,sworn
5978,symbol
5979,symbolic
5980,symbolically
5981,symptom
5982,synthetic
5983,synthetics
5984,syria
5985,systematic
5986,systematically
5987,systems
5988,table
5989,tackling
5990,tactical
5991,tahoe
5992,taken
5993,takes
5994,taking
5995,talent
5996,talented
5997,talents
5998,talk
5999,talked
6000,talking
6001,talks
6002,tall
6003,tangible
6004,tape
6005,tapped
6006,taps
6007,tarapur
6008,target
6009,targeted
6010,targeting
6011,targets
6012,task
6013,tasks
6014,taught
6015,tax
6016,tax-based
6017,taxation
6018,taxed
6019,taxes
6020,taxing
6021,taxpayer
6022,taxpayers
6023,teach
6024,teacher
6025,teachers
6026,teaching
6027,team
6028,teamwork
6029,tears
6030,technical
6031,technically
6032,techniques
6033,technological
6034,technologies
6035,technology
6036,teddy
6037,teenagers
6038,telecommunications
6039,telescope
6040,television
6041,tell
6042,tells
6043,tempered
6044,temples
6045,temporary
6046,temptation
6047,temptations
6048,tempted
6049,tendency
6050,tender
6051,tenet
6052,tenets
6053,tens
6054,tension
6055,tensions
6056,term
6057,terminal
6058,terms
6059,terrain
6060,terrestrial
6061,terrible
6062,territorial
6063,territories
6064,territory
6065,terror
6066,terrorism
6067,terrorist
6068,terrorists
6069,test
6070,tested
6071,testified
6072,testing
6073,tests
6074,texas
6075,thai
6076,thai-cambodian
6077,thailand
6078,thank
6079,thanked
6080,thankful
6081,thanks
6082,that's
6083,theater
6084,theirs
6085,theme
6086,themes
6087,theory
6088,they're
6089,they've
6090,thing
6091,things
6092,think
6093,thinking
6094,thirty
6095,thirty-two
6096,thomas
6097,thomases
6098,thorough
6099,thought
6100,thoughts
6101,thousand
6102,thousands
6103,threads
6104,threat
6105,threaten
6106,threatened
6107,threatening
6108,threatens
6109,threats
6110,three-quarters
6111,threshold
6112,thresholds
6113,thrift
6114,thrifts
6115,thrive
6116,throttle
6117,throw
6118,thrust
6119,thumb
6120,thy
6121,tide
6122,tied
6123,tierra
6124,ties
6125,tight
6126,tighten
6127,tightening
6128,timber
6129,time
6130,time-honored
6131,timely
6132,times
6133,timetable
6134,timid
6135,tiny
6136,tip
6137,tire
6138,tired
6139,tireless
6140,title
6141,titled
6142,tlatelolco
6143,tobacco
6144,tobago
6145,today
6146,tokyo
6147,told
6148,tolerance
6149,tolerant
6150,tolerate
6151,toll
6152,tom
6153,tomorrow
6154,ton
6155,tonight
6156,tons
6157,took
6158,tool
6159,tools
6160,top-level
6161,topics
6162,torn
6163,total
6164,totalitarian
6165,totalitarianism
6166,totally
6167,touch
6168,tough
6169,toughen
6170,tougher
6171,touted
6172,towering
6173,town
6174,towns
6175,toxic
6176,toxic-waste
6177,traces
6178,track
6179,trade
6180,traders
6181,trading
6182,tradition
6183,traditional
6184,traditions
6185,traffic
6186,trafficking
6187,tragedy
6188,tragic
6189,trails
6190,train
6191,trained
6192,training
6193,tranquility
6194,transactions
6195,transfer
6196,transferred
6197,transform
6198,transformation
6199,transforming
6200,transistors
6201,transit
6202,transition
6203,translate
6204,transmitted
6205,transportation
6206,transported
6207,transporting
6208,transshippers
6209,trap
6210,trash
6211,travel
6212,traveling
6213,treasury
6214,treated
6215,treaties
6216,treating
6217,treatment
6218,treaty
6219,trees
6220,tremble
6221,tremendous
6222,trend
6223,trends
6224,trevor
6225,trial
6226,tribute
6227,trident
6228,tried
6229,trigger
6230,triggered
6231,triggers
6232,trillion
6233,trillion-dollar
6234,trinidad
6235,trip
6236,tripled
6237,triples
6238,triumph
6239,troop
6240,troops
6241,tropical
6242,tropics
6243,trouble
6244,troubled
6245,troubles
6246,troubling
6247,truck
6248,truckers
6249,trucking
6250,trucks
6251,true
6252,trujillo
6253,truly
6254,truman
6255,trust
6256,trustworthy
6257,truth
6258,truths
6259,try
6260,trying
6261,tucked
6262,tuition
6263,tumbled
6264,tunisia
6265,tunisian
6266,turbulence
6267,turbulent
6268,turkey
6269,turkish
6270,turmoil
6271,turn
6272,turnabout
6273,turned
6274,turning
6275,turns
6276,twice
6277,two-fold
6278,two-thirds
6279,types
6280,typically
6281,tyranny
6282,tyrone
6283,u.n
6284,u.n.-declared
6285,u.s
6286,u.s.-bulk
6287,u.s.-canadian
6288,u.s.-flag
6289,u.s.-mexico
6290,u.s.-soviet
6291,u.s.a
6292,u.s.s.r.'s
6293,udag
6294,uganda
6295,ugly
6296,ultimate
6297,ultimately
6298,umbrella
6299,unable
6300,unacceptably
6301,unaddressed
6302,unalienable
6303,unambiguously
6304,unassailable
6305,unattended
6306,unbearable
6307,unborn
6308,uncertain
6309,uncertainties
6310,uncertainty
6311,unchanged
6312,unchecked
6313,unclear
6314,uncomfortable
6315,uncommon
6316,unconscionable
6317,uncontrollable
6318,uncontrolled
6319,under-utilized
6320,undercut
6321,undercuts
6322,undergoing
6323,underground
6324,underline
6325,underlying
6326,undermine
6327,undermining
6328,underserved
6329,understand
6330,understanding
6331,understood
6332,undertake
6333,undertaken
6334,undertakes
6335,undertaking
6336,undertaxed
6337,undertook
6338,underway
6339,undo
6340,undone
6341,undreamed-of
6342,undue
6343,undying
6344,unearth
6345,uneconomic
6346,unemployed
6347,unemployment
6348,unexpected
6349,unfailing
6350,unfair
6351,unfairly
6352,unfettered
6353,unfinished
6354,unfolds
6355,unforgettable
6356,unfortunate
6357,unfortunately
6358,unfulfilled
6359,unharmed
6360,unhcr
6361,unified
6362,uniform
6363,uniformity
6364,uniforms
6365,unify
6366,unilateral
6367,unilaterally
6368,uninterrupted
6369,union
6370,unions
6371,unique
6372,uniquely
6373,unit
6374,unite
6375,united
6376,unites
6377,units
6378,unity
6379,universal
6380,universe
6381,universities
6382,unjust
6383,unknown
6384,unleaded
6385,unleashed
6386,unleashing
6387,unless
6388,unlimited
6389,unloading
6390,unmanageable
6391,unnecessarily
6392,unnecessary
6393,unneeded
6394,unobligated
6395,unpalatable
6396,unparalleled
6397,unprecedented
6398,unpredictable
6399,unprepared
6400,unproductive
6401,unprofitable
6402,unrelenting
6403,unreserved
6404,unrestrained
6405,unshakable
6406,unstable
6407,unsung
6408,unsurpassed
6409,untiring
6410,untold
6411,unwanted
6412,unwarranted
6413,unwise
6414,upcoming
6415,updating
6416,upgrade
6417,upgrades
6418,upgrading
6419,uphold
6420,upper
6421,uppermost
6422,upsurge
6423,upward
6424,urban
6425,urban-oriented
6426,urge
6427,urged
6428,urgent
6429,urging
6430,uruguay
6431,usa
6432,use
6433,used
6434,useful
6435,uses
6436,usher
6437,using
6438,usual
6439,usually
6440,usurp
6441,utilize
6442,vacancies
6443,vaclav
6444,vacuum
6445,validate
6446,valor
6447,value
6448,values
6449,vanquished
6450,variable
6451,variety
6452,various
6453,varying
6454,vast
6455,vastly
6456,vault
6457,vehicle
6458,venezuela
6459,venice
6460,venture
6461,verbal
6462,verifiable
6463,verification
6464,vessel
6465,vessels
6466,veteran
6467,veterans
6468,veto
6469,viability
6470,vibrant
6471,vice
6472,victim
6473,victims
6474,victories
6475,victory
6476,vietnam
6477,vietnamese
6478,view
6479,views
6480,vigil
6481,vigilance
6482,vigor
6483,vigorous
6484,vigorously
6485,vii
6486,ville
6487,violate
6488,violates
6489,violating
6490,violation
6491,violations
6492,violence
6493,violent
6494,virgin
6495,virginia
6496,virtually
6497,viruses
6498,vision
6499,visit
6500,visited
6501,visiting
6502,visits
6503,vital
6504,vitality
6505,vitally
6506,vivid
6507,vividly
6508,vocal
6509,vocational
6510,voice
6511,voices
6512,volume
6513,voluntary
6514,volunteer
6515,volunteered
6516,volunteering
6517,volunteers
6518,von
6519,vote
6520,voted
6521,voting
6522,vouchers
6523,vulnerable
6524,wage
6525,waged
6526,wages
6527,waited
6528,waiting
6529,waldheim
6530,walesa
6531,walk
6532,walking
6533,walks
6534,wall
6535,walls
6536,walter
6537,wane
6538,want
6539,wanted
6540,wants
6541,war
6542,warfare
6543,warheads
6544,warm
6545,warmhearted
6546,warmly
6547,warms
6548,warmth
6549,warned
6550,warning
6551,warrior
6552,wars
6553,warsaw
6554,washington
6555,waste
6556,wasteful
6557,wastes
6558,watch
6559,watching
6560,water
6561,waters
6562,waterway
6563,waterways
6564,way
6565,ways
6566,we'll
6567,we're
6568,we've
6569,weak
6570,weaken
6571,weaker
6572,weaknesses
6573,wealth
6574,wealthier
6575,weapon
6576,weaponry
6577,weapons
6578,wear
6579,wears
6580,weathered
6581,weave
6582,web
6583,wednesday
6584,weed
6585,week
6586,weeks
6587,weighing
6588,weights
6589,welcome
6590,welcomed
6591,welfare
6592,well-being
6593,well-intentioned
6594,went
6595,west
6596,western
6597,wheat
6598,wheels
6599,whistle-blowers
6600,white
6601,whopping
6602,wic
6603,wide
6604,widely
6605,widely-shared
6606,widening
6607,wider
6608,widespread
6609,widest
6610,widow
6611,wife
6612,wild
6613,wilderness
6614,wildflowers
6615,wildlife
6616,williamsburg
6617,willing
6618,willingness
6619,win
6620,wind
6621,windfall
6622,window
6623,winds
6624,wings
6625,winston
6626,winter
6627,wire
6628,wiretaps
6629,wisdom
6630,wise
6631,wisely
6632,wiser
6633,wish
6634,wished
6635,wishes
6636,withdrawal
6637,withered
6638,withstood
6639,witness
6640,witnessed
6641,witnessing
6642,woefully
6643,woman
6644,women
6645,won
6646,won't
6647,wonder
6648,wondering
6649,word
6650,words
6651,work
6652,work-study
6653,workable
6654,worked
6655,worker
6656,workers
6657,working
6658,workings
6659,workplace
6660,workplaces
6661,works
6662,workshops
6663,world
6664,world's
6665,worldwide
6666,worn
6667,worry
6668,worrying
6669,worse
6670,worship
6671,worst
6672,worth
6673,worthy
6674,wound
6675,wounded
6676,wounds
6677,wreaks
6678,wright
6679,write
6680,writer
6681,written
6682,wrong
6683,wrote
6684,yankee
6685,yards
6686,year
6687,yearly
6688,years
6689,yes
6690,yield
6691,yielding
6692,york
6693,you'll
6694,you've
6695,young
6696,younger
6697,youngest
6698,youngsters
6699,youth
6700,zealand
6701,zero
6702,zimbabwe
6703,zimbabwean
6704,zone
6705,zones
6706,zooming
